Participant,Condition,Segment_ID,ROI,abs_power,relative_power
VJJ,Binaural,1,Frontal,2.868463518720423e-12,1.8770113675338664
VJJ,Binaural,1,Auditory,1.6750597898822131e-12,1.0960942143375563
VJJ,Binaural,1,Occipital_Visual,5.269921503777398e-13,0.3448432411304948
VJJ,Binaural,1,Gonzalez,1.947507053572268e-12,1.2743731457802163
VJJ,Binaural,1,CPP,3.470931205657841e-13,0.22712428749500102
VJJ,Binaural,2,Frontal,2.6475687152741637e-12,1.338153975878877
VJJ,Binaural,2,Auditory,2.5336201280804383e-12,1.28056122894869
VJJ,Binaural,2,Occipital_Visual,9.980425420459963e-13,0.504438123939991
VJJ,Binaural,2,Gonzalez,2.9948258122137976e-12,1.5136672542467278
VJJ,Binaural,2,CPP,5.018688436334343e-13,0.25365830340999124
VJJ,Binaural,3,Frontal,1.781142709627858e-12,1.4459859197074938
VJJ,Binaural,3,Auditory,1.4899904396028977e-12,1.2096196360451763
VJJ,Binaural,3,Occipital_Visual,6.216126123257253e-13,0.5046440580403526
VJJ,Binaural,3,Gonzalez,1.5504651542492718e-12,1.2587148519446683
VJJ,Binaural,3,CPP,4.913585152630502e-13,0.3988998134502078
VJJ,Binaural,4,Frontal,2.708166340901026e-12,1.908522338199865
VJJ,Binaural,4,Auditory,1.5496407220959103e-12,1.0920761733270141
VJJ,Binaural,4,Occipital_Visual,5.038101324309067e-13,0.35504942123898825
VJJ,Binaural,4,Gonzalez,1.65533492449339e-12,1.1665619031166747
VJJ,Binaural,4,CPP,3.477368031326246e-13,0.24506007868483348
VJJ,Binaural,5,Frontal,2.4889326055908656e-12,1.8264982697040968
VJJ,Binaural,5,Auditory,1.2643852578595843e-12,0.9278666206277829
VJJ,Binaural,5,Occipital_Visual,8.952602580271483e-13,0.6569849696003479
VJJ,Binaural,5,Gonzalez,1.7945483378753196e-12,1.3169257482773455
VJJ,Binaural,5,CPP,2.2584410212735931e-13,0.16573524764467049
VJJ,Binaural,6,Frontal,1.7963962975139791e-12,1.3462617454524708
VJJ,Binaural,6,Auditory,1.0224701180470425e-12,0.7662632169193132
VJJ,Binaural,6,Occipital_Visual,1.6083321802570994e-12,1.2053220613161786
VJJ,Binaural,6,Gonzalez,1.9349841393049245e-12,1.4501227420745244
VJJ,Binaural,6,CPP,2.8352441836702564e-13,0.2124798847990379
VJJ,Binaural,7,Frontal,1.833842677071897e-12,1.4525711271725081
VJJ,Binaural,7,Auditory,1.4257286982258948e-12,1.1293075290029293
VJJ,Binaural,7,Occipital_Visual,7.098141130099887e-13,0.562237698527206
VJJ,Binaural,7,Gonzalez,1.3596189045316458e-12,1.0769425258626777
VJJ,Binaural,7,CPP,4.931408124953713e-13,0.39061262714472433
VJJ,Binaural,8,Frontal,1.992878881793928e-12,1.6881506076021011
VJJ,Binaural,8,Auditory,1.2571662566687178e-12,1.0649347531555649
VJJ,Binaural,8,Occipital_Visual,4.331994532421912e-13,0.3669595412368483
VJJ,Binaural,8,Gonzalez,1.0960158133897883e-12,0.9284255948610151
VJJ,Binaural,8,CPP,3.873673669743078e-13,0.3281355740667251
VJJ,Binaural,9,Frontal,3.2740081608939467e-12,2.1592191942797014
VJJ,Binaural,9,Auditory,1.4117487373223696e-12,0.9310529544600405
VJJ,Binaural,9,Occipital_Visual,3.096429727276382e-13,0.2042105630869256
VJJ,Binaural,9,Gonzalez,1.438043131114947e-12,0.9483941940015388
VJJ,Binaural,9,CPP,3.720040285287707e-13,0.24533788533055348
VJJ,Binaural,10,Frontal,1.7460257134985117e-12,1.5852262162961728
VJJ,Binaural,10,Auditory,1.0908529907683577e-12,0.9903913474597071
VJJ,Binaural,10,Occipital_Visual,5.939264062398881e-13,0.5392290058750294
VJJ,Binaural,10,Gonzalez,1.1689630379751727e-12,1.0613078830130538
VJJ,Binaural,10,CPP,3.569921583630774e-13,0.3241151170193163
VJJ,Binaural,11,Frontal,2.1050331192661926e-12,1.8644908875681856
VJJ,Binaural,11,Auditory,1.02326728273308e-12,0.9063384831054648
VJJ,Binaural,11,Occipital_Visual,5.57319961466207e-13,0.49363498374592235
VJJ,Binaural,11,Gonzalez,1.3467114978785066e-12,1.1928227128574014
VJJ,Binaural,11,CPP,3.1132275470611717e-13,0.27574788915650256
VJJ,Binaural,12,Frontal,2.2543624239680553e-12,1.9345767044016375
VJJ,Binaural,12,Auditory,1.2624244509442848e-12,1.0833470731671708
VJJ,Binaural,12,Occipital_Visual,5.145960728839815e-13,0.44159961335126685
VJJ,Binaural,12,Gonzalez,1.8090519496274169e-12,1.5524343919117585
VJJ,Binaural,12,CPP,1.6103860639309176e-13,0.13819496507088452
VJJ,Binaural,13,Frontal,1.0356559013991194e-12,2.137014035866232
VJJ,Binaural,13,Auditory,4.565305052887198e-13,0.9420234039946029
VJJ,Binaural,13,Occipital_Visual,2.965864334678243e-13,0.6119883740458604
VJJ,Binaural,13,Gonzalez,5.082335940135685e-13,1.0487096365100281
VJJ,Binaural,13,CPP,1.697534728601689e-13,0.35027614253840517
VJJ,Binaural,14,Frontal,1.9825592218128953e-12,1.9293125417383965
VJJ,Binaural,14,Auditory,1.1027435685998775e-12,1.0731265799342091
VJJ,Binaural,14,Occipital_Visual,4.14378598525744e-13,0.40324940529778924
VJJ,Binaural,14,Gonzalez,1.4267072935173213e-12,1.3883894334594489
VJJ,Binaural,14,CPP,2.6072199161119767e-13,0.2537196381263857
VJJ,Binaural,15,Frontal,2.757270806666024e-12,2.0891417122619953
VJJ,Binaural,15,Auditory,1.2895541267311118e-12,0.9770753419868476
VJJ,Binaural,15,Occipital_Visual,4.078760690924174e-13,0.30904142868895834
VJJ,Binaural,15,Gonzalez,1.5596696500917342e-12,1.1817377224892893
VJJ,Binaural,15,CPP,2.9727539860133557e-13,0.22524100053788673
VJJ,Binaural,16,Frontal,1.7501683456785549e-12,1.9172229841908737
VJJ,Binaural,16,Auditory,1.0321689438127557e-12,1.1306901004877896
VJJ,Binaural,16,Occipital_Visual,2.3826895707916037e-13,0.2610118746915424
VJJ,Binaural,16,Gonzalez,1.0252169877805405e-12,1.1230745760024123
VJJ,Binaural,16,CPP,1.5967000865947486e-13,0.17491060859589172
VJJ,Binaural,17,Frontal,1.7392545671432613e-12,1.6280093325925553
VJJ,Binaural,17,Auditory,1.2223048028234959e-12,1.1441244219572866
VJJ,Binaural,17,Occipital_Visual,4.733555423060741e-13,0.44307903803550724
VJJ,Binaural,17,Gonzalez,1.197245398434046e-12,1.1206678532720915
VJJ,Binaural,17,CPP,3.363675982717485e-13,0.31485304078723964
VJJ,Binaural,18,Frontal,1.8930167286139687e-12,1.6274084662561612
VJJ,Binaural,18,Auditory,1.1132433009137913e-12,0.9570446713572115
VJJ,Binaural,18,Occipital_Visual,5.444207247271484e-13,0.46803331594168485
VJJ,Binaural,18,Gonzalez,9.931946088535794e-13,0.8538399532643014
VJJ,Binaural,18,CPP,6.481717894400341e-13,0.5572271189042537
VJJ,Binaural,19,Frontal,1.90442262764234e-12,1.9996070964933836
VJJ,Binaural,19,Auditory,1.0325585371048782e-12,1.084166585909472
VJJ,Binaural,19,Occipital_Visual,3.7283032677788117e-13,0.39146466566401755
VJJ,Binaural,19,Gonzalez,1.2230884744479419e-12,1.2842193521787355
VJJ,Binaural,19,CPP,2.5252196101590893e-13,0.26514319770131833
VJJ,Binaural,20,Frontal,1.3256852435978637e-12,2.119100990449254
VJJ,Binaural,20,Auditory,5.560144801534998e-13,0.8887862645281296
VJJ,Binaural,20,Occipital_Visual,2.830377695190241e-13,0.45243440750273006
VJJ,Binaural,20,Gonzalez,7.551682978786269e-13,1.2071326098851167
VJJ,Binaural,20,CPP,1.6384067494446088e-13,0.2618984696611742
VJJ,Binaural,21,Frontal,1.7224352141520606e-12,1.4063050957431904
VJJ,Binaural,21,Auditory,1.4218123014133246e-12,1.1608575278996767
VJJ,Binaural,21,Occipital_Visual,6.001341265152506e-13,0.4899874743116333
VJJ,Binaural,21,Gonzalez,1.3189849643359584e-12,1.076902783520631
VJJ,Binaural,21,CPP,3.1375151079056444e-13,0.25616658600370584
VJJ,Binaural,22,Frontal,2.9097795839378637e-12,2.478241068936207
VJJ,Binaural,22,Auditory,1.0201333136609887e-12,0.8688411615986615
VJJ,Binaural,22,Occipital_Visual,2.3033991771182417e-13,0.1961790669780914
VJJ,Binaural,22,Gonzalez,1.4455805474516103e-12,1.2311919091485273
VJJ,Binaural,22,CPP,2.6375340674804715e-13,0.2246371265655305
VJJ,Binaural,23,Frontal,7.840322843810388e-13,1.5675375990199854
VJJ,Binaural,23,Auditory,5.637744067102258e-13,1.1271698850783147
VJJ,Binaural,23,Occipital_Visual,1.724916446242274e-13,0.3448673528523503
VJJ,Binaural,23,Gonzalez,3.826190400661482e-13,0.7649809113130016
VJJ,Binaural,23,CPP,2.177120183204131e-13,0.4352777063832205
VJJ,Binaural,24,Frontal,1.9280246515122024e-12,2.094241279101734
VJJ,Binaural,24,Auditory,8.426998342888385e-13,0.915349696112901
VJJ,Binaural,24,Occipital_Visual,2.744258718953154e-13,0.2980843572336536
VJJ,Binaural,24,Gonzalez,8.633165729639987e-13,0.9377438211776968
VJJ,Binaural,24,CPP,3.0115026575472593e-13,0.3271126835755672
VJJ,Binaural,25,Frontal,1.1941191965940815e-12,2.0820153238526817
VJJ,Binaural,25,Auditory,5.841724663306163e-13,1.018538208029999
VJJ,Binaural,25,Occipital_Visual,1.6661431974933066e-13,0.2905016248635997
VJJ,Binaural,25,Gonzalez,6.418387921486453e-13,1.1190827553129374
VJJ,Binaural,25,CPP,1.7532502168722993e-13,0.305689233410508
VJJ,Binaural,26,Frontal,2.4989459511551727e-12,1.7392093735357674
VJJ,Binaural,26,Auditory,1.4883580071928932e-12,1.0358632190865489
VJJ,Binaural,26,Occipital_Visual,3.838765112539253e-13,0.26716929445569193
VJJ,Binaural,26,Gonzalez,1.1746943454733268e-12,0.817560466140634
VJJ,Binaural,26,CPP,5.609833007893965e-13,0.3904315796341803
VJJ,Binaural,27,Frontal,1.4609579184687415e-12,2.079995362955784
VJJ,Binaural,27,Auditory,6.051019983188947e-13,0.8614959641943367
VJJ,Binaural,27,Occipital_Visual,3.4324713255214953e-13,0.48868789102744853
VJJ,Binaural,27,Gonzalez,6.936592503242661e-13,0.9875767165546384
VJJ,Binaural,27,CPP,2.2647453019275093e-13,0.3224363731997463
VJJ,Binaural,28,Frontal,3.2426323760343955e-12,2.0689709534115344
VJJ,Binaural,28,Auditory,1.4900259237733266e-12,0.9507153443916955
VJJ,Binaural,28,Occipital_Visual,5.383966281953229e-13,0.34352552370217154
VJJ,Binaural,28,Gonzalez,1.7434817908084262e-12,1.1124335924246924
VJJ,Binaural,28,CPP,6.413999246444903e-13,0.4092470745119462
VJJ,Binaural,29,Frontal,9.98725054303753e-13,1.7894337348066498
VJJ,Binaural,29,Auditory,5.433682962405092e-13,0.973562799418325
VJJ,Binaural,29,Occipital_Visual,3.2069650901225236e-13,0.5745977327677146
VJJ,Binaural,29,Gonzalez,6.037897264441277e-13,1.081820968216338
VJJ,Binaural,29,CPP,2.0008057002426372e-13,0.35848797438085483
VJJ,Binaural,30,Frontal,1.865346766954659e-12,1.7500247807151696
VJJ,Binaural,30,Auditory,1.182803764035709e-12,1.1096788728269649
VJJ,Binaural,30,Occipital_Visual,2.0093788995668744e-13,0.18851523643666213
VJJ,Binaural,30,Gonzalez,9.379578970982397e-13,0.8799701976427782
VJJ,Binaural,30,CPP,2.336485872259e-13,0.21920364881644216
VJJ,Binaural,31,Frontal,1.0909053174583213e-12,1.6746999553480357
VJJ,Binaural,31,Auditory,7.727957287745759e-13,1.1863549950304286
VJJ,Binaural,31,Occipital_Visual,3.2567097281323014e-13,0.4999527959944198
VJJ,Binaural,31,Gonzalez,7.439798316936613e-13,1.1421183589242296
VJJ,Binaural,31,CPP,2.2550810508919906e-13,0.34618807652656847
VJJ,Binaural,32,Frontal,2.884619520734785e-12,2.278108514811176
VJJ,Binaural,32,Auditory,1.2632349934332604e-12,0.997631186387696
VJJ,Binaural,32,Occipital_Visual,4.4052809888827487e-13,0.34790404969433336
VJJ,Binaural,32,Gonzalez,1.3401534144076833e-12,1.0583769826731722
VJJ,Binaural,32,CPP,2.556075317942908e-13,0.20186429802780903
VJJ,Binaural,33,Frontal,2.2838720598620928e-12,2.1128963597028565
VJJ,Binaural,33,Auditory,1.1903357492314843e-12,1.1012245894050834
VJJ,Binaural,33,Occipital_Visual,3.2038690762812727e-13,0.2964020370146309
VJJ,Binaural,33,Gonzalez,1.1854581896319317e-12,1.0967121746760593
VJJ,Binaural,33,CPP,2.2864786979962527e-13,0.21153078591565788
VJJ,Binaural,34,Frontal,2.9806916775794012e-12,2.342942285560871
VJJ,Binaural,34,Auditory,1.430344091915854e-12,1.1243073817595641
VJJ,Binaural,34,Occipital_Visual,3.195309029122512e-13,0.25116400653170734
VJJ,Binaural,34,Gonzalez,1.2941240422260834e-12,1.0172330013531508
VJJ,Binaural,34,CPP,1.6605503589225105e-13,0.13052586694851775
VJJ,Binaural,35,Frontal,2.7896406677360462e-12,2.0824068667964633
VJJ,Binaural,35,Auditory,1.3909168195772855e-12,1.0382895437859658
VJJ,Binaural,35,Occipital_Visual,3.8990683487225984e-13,0.29105708120028534
VJJ,Binaural,35,Gonzalez,1.4379230235556893e-12,1.0733786658649407
VJJ,Binaural,35,CPP,1.4861088033171309e-13,0.11093483159412718
VJJ,Binaural,36,Frontal,3.4577417759287445e-12,2.0398905672904637
VJJ,Binaural,36,Auditory,1.5901979804475882e-12,0.9381353700329726
VJJ,Binaural,36,Occipital_Visual,4.036386398815426e-13,0.23812612608041062
VJJ,Binaural,36,Gonzalez,1.5088254165006745e-12,0.8901297246180646
VJJ,Binaural,36,CPP,3.01488490382279e-13,0.1778627692671653
VJJ,Binaural,37,Frontal,7.905896340850228e-13,1.270528298663149
VJJ,Binaural,37,Auditory,7.537750195983532e-13,1.2113648496459843
VJJ,Binaural,37,Occipital_Visual,3.853638371966227e-13,0.6193044271398489
VJJ,Binaural,37,Gonzalez,6.906102142372261e-13,1.1098549521835153
VJJ,Binaural,37,CPP,3.1195977383823093e-13,0.5013393847046103
VJJ,Binaural,38,Frontal,2.024515071360515e-12,2.419449517157395
VJJ,Binaural,38,Auditory,6.873623155977294e-13,0.8214502554764979
VJJ,Binaural,38,Occipital_Visual,1.5043885349154636e-13,0.17978587395609386
VJJ,Binaural,38,Gonzalez,6.780570280380931e-13,0.8103297289802227
VJJ,Binaural,38,CPP,2.2010368819021825e-13,0.26304065089449524
VJJ,Binaural,39,Frontal,2.367552852313884e-12,1.7208995420716109
VJJ,Binaural,39,Auditory,1.5101441578757244e-12,1.0976761879721322
VJJ,Binaural,39,Occipital_Visual,5.194751857645034e-13,0.37759013845287515
VJJ,Binaural,39,Gonzalez,1.374446710708349e-12,0.9990419908675587
VJJ,Binaural,39,CPP,2.8457872700211444e-13,0.20685130661502693
VJJ,Binaural,40,Frontal,2.209661784708315e-12,2.2128221223380415
VJJ,Binaural,40,Auditory,9.625399576970029e-13,0.9639166169076914
VJJ,Binaural,40,Occipital_Visual,3.0303795428202223e-13,0.3034713700458194
VJJ,Binaural,40,Gonzalez,1.0672811493009752e-12,1.0688076131249755
VJJ,Binaural,40,CPP,2.701278353178666e-13,0.27051418184777426
VJJ,Binaural,41,Frontal,2.6991266300649498e-12,1.8823437913771102
VJJ,Binaural,41,Auditory,1.685758254656683e-12,1.175630868544824
VJJ,Binaural,41,Occipital_Visual,2.6971405487697993e-13,0.18809587182377271
VJJ,Binaural,41,Gonzalez,1.2500137992280147e-12,0.8717470636255207
VJJ,Binaural,41,CPP,3.723516633109697e-13,0.2596743086579373
VJJ,Binaural,42,Frontal,1.3808751745486125e-12,1.7057301996439667
VJJ,Binaural,42,Auditory,7.406728827201251e-13,0.9149183991420905
VJJ,Binaural,42,Occipital_Visual,3.9520211513147265e-13,0.4881745976520149
VJJ,Binaural,42,Gonzalez,5.918562016899533e-13,0.7310921477020034
VJJ,Binaural,42,CPP,3.743699897641343e-13,0.46244165233097695
VJJ,Binaural,43,Frontal,9.928360119895035e-13,1.8262770009844937
VJJ,Binaural,43,Auditory,5.907697383618865e-13,1.0866942506305328
VJJ,Binaural,43,Occipital_Visual,2.9957146448243713e-13,0.551048178277907
VJJ,Binaural,43,Gonzalez,5.110777463777298e-13,0.9401044307954676
VJJ,Binaural,43,CPP,1.2672698803575167e-13,0.23310857065907598
VJJ,Binaural,44,Frontal,2.244257574372632e-12,2.558783377475572
VJJ,Binaural,44,Auditory,8.002650035806515e-13,0.9124196848528062
VJJ,Binaural,44,Occipital_Visual,3.335309231723794e-13,0.3802742572122713
VJJ,Binaural,44,Gonzalez,1.2155375937266452e-12,1.3858914524968724
VJJ,Binaural,44,CPP,2.1386185471695046e-13,0.24383393652076774
VJJ,Binaural,45,Frontal,1.620140649789998e-12,1.3153056787762012
VJJ,Binaural,45,Auditory,1.1944242590853295e-12,0.9696892742285228
VJJ,Binaural,45,Occipital_Visual,9.500438882813978e-13,0.7712899009756454
VJJ,Binaural,45,Gonzalez,1.3927087812602896e-12,1.1306658894773014
VJJ,Binaural,45,CPP,2.917861463896189e-13,0.2368855910036182
VJJ,Binaural,46,Frontal,2.800007896568623e-12,1.9508121562541054
VJJ,Binaural,46,Auditory,1.6874266305690614e-12,1.1756582500124937
VJJ,Binaural,46,Occipital_Visual,3.961180205034737e-13,0.2759820251423176
VJJ,Binaural,46,Gonzalez,1.7499967812557892e-12,1.2192519165617581
VJJ,Binaural,46,CPP,1.7157571633112276e-13,0.11953966042272451
VJJ,Binaural,47,Frontal,1.9049089845865233e-12,1.9731213612001417
VJJ,Binaural,47,Auditory,1.0071107338399134e-12,1.0431740928896986
VJJ,Binaural,47,Occipital_Visual,3.5772708908069294e-13,0.370536842786885
VJJ,Binaural,47,Gonzalez,1.0642163746388024e-12,1.1023246143146201
VJJ,Binaural,47,CPP,1.9637271708254152e-13,0.20340457521469338
VJJ,Binaural,48,Frontal,1.8256927883179524e-12,2.1889085090419123
VJJ,Binaural,48,Auditory,8.592848138482054e-13,1.0302367697118087
VJJ,Binaural,48,Occipital_Visual,2.828625143829848e-13,0.33913710377984807
VJJ,Binaural,48,Gonzalez,8.23971719900745e-13,0.9878982490599263
VJJ,Binaural,48,CPP,2.352906531680682e-13,0.2821009734568328
VJJ,Binaural,49,Frontal,2.0145292057971623e-12,2.3353402896821516
VJJ,Binaural,49,Auditory,6.952015775473026e-13,0.8059114997314543
VJJ,Binaural,49,Occipital_Visual,4.345488260328097e-13,0.5037501458644429
VJJ,Binaural,49,Gonzalez,1.2971331757492333e-12,1.5036999005491465
VJJ,Binaural,49,CPP,1.3877402056719865e-13,0.16087359789033995
VJJ,Binaural,50,Frontal,1.2723048602271758e-12,1.560856374375064
VJJ,Binaural,50,Auditory,9.533296202037357e-13,1.16953936205971
VJJ,Binaural,50,Occipital_Visual,3.893127427146255e-13,0.47760666101916943
VJJ,Binaural,50,Gonzalez,9.683977780750968e-13,1.1880248925318677
VJJ,Binaural,50,CPP,2.9985373450234413e-13,0.3678588579741677
VJJ,Binaural,51,Frontal,3.0265758923722306e-12,2.0510077233665096
VJJ,Binaural,51,Auditory,1.4380325451375324e-12,0.9745058314786632
VJJ,Binaural,51,Occipital_Visual,4.752127778698528e-13,0.3220355650456129
VJJ,Binaural,51,Gonzalez,1.6527834755399217e-12,1.1200352457469487
VJJ,Binaural,51,CPP,2.1351211481626543e-13,0.1446899110060774
VJJ,Binaural,52,Frontal,2.0001694658989397e-12,2.244935148032764
VJJ,Binaural,52,Auditory,6.986612546076731e-13,0.7841581594850126
VJJ,Binaural,52,Occipital_Visual,4.875110057512776e-13,0.5471689326943976
VJJ,Binaural,52,Gonzalez,1.0406965983117995e-12,1.1680492137391407
VJJ,Binaural,52,CPP,2.6701170584045423e-13,0.29968658836016215
VJJ,Binaural,53,Frontal,1.7559930319143472e-12,1.68228743015454
VJJ,Binaural,53,Auditory,1.1074471822789033e-12,1.0609634778999153
VJJ,Binaural,53,Occipital_Visual,4.924521445146087e-13,0.4717820843323157
VJJ,Binaural,53,Gonzalez,1.2783325309510919e-12,1.2246761287157308
VJJ,Binaural,53,CPP,3.3308508703855756e-13,0.3191042589081461
VJJ,Binaural,54,Frontal,1.4444991206127046e-12,2.1174712454844613
VJJ,Binaural,54,Auditory,6.125620095110757e-13,0.8979461618956931
VJJ,Binaural,54,Occipital_Visual,4.128893442569625e-13,0.6052487686252203
VJJ,Binaural,54,Gonzalez,7.273531685251444e-13,1.0662169313130014
VJJ,Binaural,54,CPP,2.5134581506178824e-13,0.3684443475745726
VJJ,Binaural,55,Frontal,1.6986367698236585e-12,1.9431737049423263
VJJ,Binaural,55,Auditory,1.04713408253154e-12,1.1978802360056249
VJJ,Binaural,55,Occipital_Visual,2.1207732277762228e-13,0.24260812220544584
VJJ,Binaural,55,Gonzalez,8.888719743194281e-13,1.016834604220297
VJJ,Binaural,55,CPP,2.397470404952362e-13,0.27426119180055764
VJJ,Binaural,56,Frontal,1.5827071597730537e-12,1.7627644143836536
VJJ,Binaural,56,Auditory,9.522236784473344e-13,1.060553750916975
VJJ,Binaural,56,Occipital_Visual,3.45342392570393e-13,0.384630395232741
VJJ,Binaural,56,Gonzalez,8.23288881860956e-13,0.9169506403890278
VJJ,Binaural,56,CPP,5.577822405655583e-13,0.6212385396583006
VJJ,Binaural,57,Frontal,2.2308234551068212e-12,2.0153729834427674
VJJ,Binaural,57,Auditory,1.3619481134909347e-12,1.230412665106679
VJJ,Binaural,57,Occipital_Visual,2.9335498186094145e-13,0.26502308089304827
VJJ,Binaural,57,Gonzalez,1.3363480120052126e-12,1.207284993219597
VJJ,Binaural,57,CPP,3.7901596307404156e-13,0.3424110189106776
VJJ,Binaural,58,Frontal,1.3418753872793384e-12,1.6564673230856615
VJJ,Binaural,58,Auditory,9.615550272015557e-13,1.186983901044271
VJJ,Binaural,58,Occipital_Visual,3.9585517298731966e-13,0.4886602474000183
VJJ,Binaural,58,Gonzalez,1.1805861117612264e-12,1.457365068887824
VJJ,Binaural,58,CPP,3.175924828913435e-13,0.3920494965138205
VJJ,Binaural,59,Frontal,2.3975748962848397e-12,2.23684040180213
VJJ,Binaural,59,Auditory,1.1953848710929484e-12,1.115245734140383
VJJ,Binaural,59,Occipital_Visual,3.409510147968215e-13,0.31809350611517273
VJJ,Binaural,59,Gonzalez,1.87823044001524e-12,1.7523130304003456
VJJ,Binaural,59,CPP,2.398778770327441e-13,0.22379635675899207
VJJ,Binaural,60,Frontal,1.6180933688069169e-12,2.0264860199870403
VJJ,Binaural,60,Auditory,8.652977191792926e-13,1.0836913152523715
VJJ,Binaural,60,Occipital_Visual,4.4048061548356666e-13,0.55165408038901
VJJ,Binaural,60,Gonzalez,1.1664906056120991e-12,1.4609026588262415
VJJ,Binaural,60,CPP,1.5930279881341303e-13,0.19950943558851672
VJJ,Control,1,Frontal,8.718775846624481e-13,0.974950166666268
VJJ,Control,1,Auditory,1.1140299830655114e-12,1.245729603292231
VJJ,Control,1,Occipital_Visual,4.159285826870446e-13,0.4650992847453394
VJJ,Control,1,Gonzalez,7.548005859297709e-13,0.8440324306960266
VJJ,Control,1,CPP,5.498713096828866e-13,0.6148766001684538
VJJ,Control,2,Frontal,2.5961782771300056e-12,1.5223440564507553
VJJ,Control,2,Auditory,1.6522766975175339e-12,0.9688601249905393
VJJ,Control,2,Occipital_Visual,1.2922262171765503e-12,0.7577341350699757
VJJ,Control,2,Gonzalez,2.0076572066453505e-12,1.1772477425185799
VJJ,Control,2,CPP,6.5023696553202e-13,0.3812852100652085
VJJ,Control,3,Frontal,1.6876102516561639e-12,1.436863314601342
VJJ,Control,3,Auditory,1.2870949981802715e-12,1.0958570460668833
VJJ,Control,3,Occipital_Visual,6.915845923639263e-13,0.5888282135854846
VJJ,Control,3,Gonzalez,1.206338017307528e-12,1.0270990238279614
VJJ,Control,3,CPP,4.179449753158559e-13,0.3558462636523908
VJJ,Control,4,Frontal,5.381779316941136e-12,1.6328269802564341
VJJ,Control,4,Auditory,4.438400263046737e-12,1.3466066280099818
VJJ,Control,4,Occipital_Visual,7.963541562572242e-13,0.24161313119676664
VJJ,Control,4,Gonzalez,4.808811114482171e-12,1.4589889455270992
VJJ,Control,4,CPP,6.862678717342401e-13,0.20821305197770995
VJJ,Control,5,Frontal,1.1994524496058562e-12,1.0825798867033418
VJJ,Control,5,Auditory,1.206075971136594e-12,1.0885580238030488
VJJ,Control,5,Occipital_Visual,6.8488803602177e-13,0.6181537356354255
VJJ,Control,5,Gonzalez,1.1501406933865674e-12,1.0380729823416368
VJJ,Control,5,CPP,4.093581392517809e-13,0.3694709933335902
VJJ,Control,6,Frontal,2.7888791999604776e-12,1.5684718999518976
VJJ,Control,6,Auditory,2.288432042742261e-12,1.2870192993807772
VJJ,Control,6,Occipital_Visual,3.8786560799244786e-13,0.21813648547507325
VJJ,Control,6,Gonzalez,2.015569325472093e-12,1.1335606968752103
VJJ,Control,6,CPP,4.4701884331570795e-13,0.25140439732908626
VJJ,Control,7,Frontal,7.583811050169059e-13,1.02290613392409
VJJ,Control,7,Auditory,9.18296005937798e-13,1.2385997106439335
VJJ,Control,7,Occipital_Visual,4.773567755166485e-13,0.6438598885389154
VJJ,Control,7,Gonzalez,7.982851984055617e-13,1.0767288645089004
VJJ,Control,7,CPP,3.043027528545276e-13,0.4104442349706797
VJJ,Control,8,Frontal,1.2101422007497306e-12,0.9987182204548698
VJJ,Control,8,Auditory,1.3246883981938032e-12,1.0932520482978634
VJJ,Control,8,Occipital_Visual,1.2751785104891584e-12,1.052392034563387
VJJ,Control,8,Gonzalez,1.8273945928140245e-12,1.508130428534252
VJJ,Control,8,CPP,2.4432928485418407e-13,0.20164250814772358
VJJ,Control,9,Frontal,1.3294641167706834e-12,1.1364973577981212
VJJ,Control,9,Auditory,1.3846858739493557e-12,1.18370388284445
VJJ,Control,9,Occipital_Visual,7.793415325105724e-13,0.666223015234175
VJJ,Control,9,Gonzalez,1.5376830480721836e-12,1.3144940876703883
VJJ,Control,9,CPP,3.7926588874770063e-13,0.32421685927990057
VJJ,Control,10,Frontal,1.1523559712983549e-12,1.2631567621511115
VJJ,Control,10,Auditory,1.136185963157883e-12,1.2454319829722762
VJJ,Control,10,Occipital_Visual,3.7412190304824044e-13,0.4100942967924916
VJJ,Control,10,Gonzalez,9.21953189151972e-13,1.0106003997636062
VJJ,Control,10,CPP,2.453273307213888e-13,0.26891592915690454
VJJ,Control,11,Frontal,3.036099787911469e-12,1.9859031449660183
VJJ,Control,11,Auditory,1.6036661210311116e-12,1.0489528723368842
VJJ,Control,11,Occipital_Visual,4.4446775296629324e-13,0.29072493333920657
VJJ,Control,11,Gonzalez,1.5978265665611815e-12,1.0451332384654255
VJJ,Control,11,CPP,2.1455069049596672e-13,0.14033691932888318
VJJ,Control,12,Frontal,1.4783749139873827e-12,1.1354045394412784
VJJ,Control,12,Auditory,1.7415166471676194e-12,1.3374996342257643
VJJ,Control,12,Occipital_Visual,6.515126301298333e-13,0.5003672551217632
VJJ,Control,12,Gonzalez,1.8036923124554525e-12,1.3852510753133191
VJJ,Control,12,CPP,5.410122063414522e-13,0.4155019874603128
VJJ,Control,13,Frontal,1.838342303046764e-12,1.490995131749731
VJJ,Control,13,Auditory,1.192214096832348e-12,0.9669501764901804
VJJ,Control,13,Occipital_Visual,5.737886570674965e-13,0.4653736645906312
VJJ,Control,13,Gonzalez,9.92756774167827e-13,0.8051794896100718
VJJ,Control,13,CPP,4.3327846314462524e-13,0.35141229039334576
VJJ,Control,14,Frontal,1.4064583302720907e-12,1.5429532601522735
VJJ,Control,14,Auditory,1.0068816766952879e-12,1.104598218238027
VJJ,Control,14,Occipital_Visual,6.335037621982859e-13,0.6949844685505023
VJJ,Control,14,Gonzalez,1.3854239944241892e-12,1.5198775696941147
VJJ,Control,14,CPP,1.8331740144547147e-13,0.20110811398743228
VJJ,Control,15,Frontal,1.2393992286298746e-12,1.5464538876613836
VJJ,Control,15,Auditory,8.981928551277324e-13,1.1207154245347404
VJJ,Control,15,Occipital_Visual,3.2923715459205615e-13,0.41080393300253226
VJJ,Control,15,Gonzalez,8.257877642494041e-13,1.0303723521100077
VJJ,Control,15,CPP,2.439260430867357e-13,0.30435744102434886
VJJ,Control,16,Frontal,8.454459867007537e-13,1.327901553914894
VJJ,Control,16,Auditory,6.809646333676167e-13,1.0695585632131053
VJJ,Control,16,Occipital_Visual,4.594848962090862e-13,0.7216909385985797
VJJ,Control,16,Gonzalez,6.011017898475194e-13,0.9441218165981666
VJJ,Control,16,CPP,1.8600082723732503e-13,0.2921425985848605
VJJ,Control,17,Frontal,4.1234668633635315e-12,1.7197468584908622
VJJ,Control,17,Auditory,2.626671285475558e-12,1.0954882969036486
VJJ,Control,17,Occipital_Visual,6.857769547303274e-13,0.28601242658244597
VJJ,Control,17,Gonzalez,2.198218118471912e-12,0.9167961884471387
VJJ,Control,17,CPP,7.127376339805007e-13,0.29725673749354287
VJJ,Control,18,Frontal,9.066188703831907e-13,1.5398747043396148
VJJ,Control,18,Auditory,5.883726140094971e-13,0.99933956223133
VJJ,Control,18,Occipital_Visual,4.4177334833225955e-13,0.7503435306400971
VJJ,Control,18,Gonzalez,6.210732277794312e-13,1.0548809254277725
VJJ,Control,18,CPP,2.6363600006939425e-13,0.44778067269717403
VJJ,Control,19,Frontal,1.0518371795902428e-12,1.4353499577472828
VJJ,Control,19,Auditory,8.270580884629547e-13,1.1286136441690606
VJJ,Control,19,Occipital_Visual,3.753948069306591e-13,0.5122683726357502
VJJ,Control,19,Gonzalez,8.754489165228618e-13,1.1946483635713563
VJJ,Control,19,CPP,2.420296473782869e-13,0.3302766349002297
VJJ,Control,20,Frontal,1.6106253413673993e-12,1.561395803291544
VJJ,Control,20,Auditory,1.0999376378176056e-12,1.0663175149800772
VJJ,Control,20,Occipital_Visual,5.575225807205409e-13,0.5404816349395506
VJJ,Control,20,Gonzalez,1.3617338231321511e-12,1.3201117739980242
VJJ,Control,20,CPP,5.661467226945134e-13,0.5488421758669142
VJJ,Control,21,Frontal,1.3939289607033252e-12,1.5645764996131057
VJJ,Control,21,Auditory,9.716702817577358e-13,1.0906240784634642
VJJ,Control,21,Occipital_Visual,3.485492116423332e-13,0.39121929514909776
VJJ,Control,21,Gonzalez,8.791450004039184e-13,0.9867716692608953
VJJ,Control,21,CPP,2.9780188737798625e-13,0.3342593831302085
VJJ,Control,22,Frontal,2.007506518306092e-12,1.7179154391435065
VJJ,Control,22,Auditory,1.3397302928382535e-12,1.1464686830990214
VJJ,Control,22,Occipital_Visual,3.7402462152737866e-13,0.32007003020038
VJJ,Control,22,Gonzalez,1.5551190354591267e-12,1.3307867129494664
VJJ,Control,22,CPP,2.877584335307095e-13,0.24624809493683633
VJJ,Control,23,Frontal,1.1345549388157387e-12,1.5136396761913473
VJJ,Control,23,Auditory,7.889568177413763e-13,1.0525681051474935
VJJ,Control,23,Occipital_Visual,4.734486761353115e-13,0.6316403695590996
VJJ,Control,23,Gonzalez,8.372691290624178e-13,1.11702283427711
VJJ,Control,23,CPP,2.4164432248393583e-13,0.322384065790458
VJJ,Control,24,Frontal,1.746613847966141e-12,1.4195952258410336
VJJ,Control,24,Auditory,1.2758739144823138e-12,1.0369919601194617
VJJ,Control,24,Occipital_Visual,7.662852295730343e-13,0.6228135971789615
VJJ,Control,24,Gonzalez,1.3079020349002677e-12,1.0630234535093335
VJJ,Control,24,CPP,3.23854728736656e-13,0.2632193872251448
VJJ,Control,25,Frontal,2.0560141774733696e-12,2.1174639844469842
VJJ,Control,25,Auditory,1.1647679155277835e-12,1.1995803036729857
VJJ,Control,25,Occipital_Visual,1.3401152592347645e-13,0.1380168399385564
VJJ,Control,25,Gonzalez,1.0985433685705751e-12,1.1313764485611826
VJJ,Control,25,CPP,2.4132740192800246e-13,0.24854015484984446
VJJ,Control,26,Frontal,9.52372818470383e-13,1.6661353938585732
VJJ,Control,26,Auditory,6.172689780464656e-13,1.079885599324368
VJJ,Control,26,Occipital_Visual,4.3413330360074576e-13,0.7594975924908194
VJJ,Control,26,Gonzalez,6.54002819274902e-13,1.1441498788544986
VJJ,Control,26,CPP,1.7937151974167582e-13,0.3138027796423316
VJJ,Control,27,Frontal,1.5846242313280536e-12,1.7031812513325213
VJJ,Control,27,Auditory,9.872681810156339e-13,1.0611327421982866
VJJ,Control,27,Occipital_Visual,4.4376702905939465e-13,0.47696839977011807
VJJ,Control,27,Gonzalez,9.990559865960597e-13,1.0738024774339443
VJJ,Control,27,CPP,2.578599791587745e-13,0.27715231995672956
VJJ,Control,28,Frontal,2.0080430811537275e-12,2.0022660951819713
VJJ,Control,28,Auditory,1.0321461409862912e-12,1.0291767356815733
VJJ,Control,28,Occipital_Visual,1.9583080595450027e-13,0.1952674157416833
VJJ,Control,28,Gonzalez,8.042396156881706e-13,0.8019258799813191
VJJ,Control,28,CPP,2.625653335624216e-13,0.2618099532307466
VJJ,Control,29,Frontal,1.0024619008804254e-12,1.1597090961794205
VJJ,Control,29,Auditory,9.956454703950764e-13,1.1518234334620732
VJJ,Control,29,Occipital_Visual,5.086114901817963e-13,0.5883928068160628
VJJ,Control,29,Gonzalez,9.2039229867142e-13,1.0647659725374947
VJJ,Control,29,CPP,3.169324383256279e-13,0.3666467835612992
VJJ,Control,30,Frontal,2.2290489922827295e-12,1.9146942493885621
VJJ,Control,30,Auditory,1.2515558376127476e-12,1.0750534301230215
VJJ,Control,30,Occipital_Visual,2.0197718027592157e-13,0.17349306673873788
VJJ,Control,30,Gonzalez,1.1930973384889479e-12,1.024839122367677
VJJ,Control,30,CPP,2.791026253103602e-13,0.23974178832369744
VJJ,Control,31,Frontal,1.4638922868242028e-12,1.8651153741460957
VJJ,Control,31,Auditory,8.463493791456112e-13,1.0783165217490127
VJJ,Control,31,Occipital_Visual,3.731387304791925e-13,0.47540846356660516
VJJ,Control,31,Gonzalez,8.245504337974375e-13,1.0505429290639576
VJJ,Control,31,CPP,2.4669908008363426e-13,0.31431427789669114
VJJ,Control,32,Frontal,1.237403420327924e-12,2.023831797663387
VJJ,Control,32,Auditory,4.843061326860206e-13,0.7921055777214525
VJJ,Control,32,Occipital_Visual,4.339183639752242e-13,0.7096939996904227
VJJ,Control,32,Gonzalez,5.685438055348223e-13,0.9298802743740535
VJJ,Control,32,CPP,2.7937197095349644e-13,0.45692606703943095
VJJ,Control,33,Frontal,1.7300927542897024e-12,1.515469766086552
VJJ,Control,33,Auditory,1.3596279013505746e-12,1.1909621449576224
VJJ,Control,33,Occipital_Visual,4.3965391907612645e-13,0.3851135843724624
VJJ,Control,33,Gonzalez,1.33485228342528e-12,1.1692600137806666
VJJ,Control,33,CPP,3.5897744696234015e-13,0.3144452609430845
VJJ,Control,34,Frontal,2.00147513900629e-12,2.0471180234963255
VJJ,Control,34,Auditory,1.1211694344661847e-12,1.146737279898682
VJJ,Control,34,Occipital_Visual,2.6227699861127664e-13,0.26825812648976294
VJJ,Control,34,Gonzalez,1.1809945059641012e-12,1.2079266395532544
VJJ,Control,34,CPP,1.1122264873210493e-13,0.11375903922220901
VJJ,Control,35,Frontal,1.229271435924063e-12,1.6266777945635529
VJJ,Control,35,Auditory,8.274810637414201e-13,1.0949941831180292
VJJ,Control,35,Occipital_Visual,4.645626834168131e-13,0.6147493378701347
VJJ,Control,35,Gonzalez,1.005285090078134e-12,1.330279778287258
VJJ,Control,35,CPP,2.5275866465722106e-13,0.33447202559649797
VJJ,Control,36,Frontal,1.567521597761478e-12,1.6116390431974121
VJJ,Control,36,Auditory,1.2018953968475304e-12,1.2357223978061416
VJJ,Control,36,Occipital_Visual,3.993285770881307e-13,0.41056756526912513
VJJ,Control,36,Gonzalez,1.112903574788245e-12,1.144225926458737
VJJ,Control,36,CPP,2.37424676992556e-13,0.24410692637739492
VJJ,Control,37,Frontal,1.1207115929860475e-12,1.4469314910036586
VJJ,Control,37,Auditory,9.797750988187163e-13,1.2649708037772316
VJJ,Control,37,Occipital_Visual,2.9831052388647926e-13,0.38514359431143996
VJJ,Control,37,Gonzalez,9.626907290806565e-13,1.2429134674092865
VJJ,Control,37,CPP,2.445388461895376e-13,0.31571990469250644
VJJ,Control,38,Frontal,3.0255841699647696e-12,1.6912313759292452
VJJ,Control,38,Auditory,2.1761879896988935e-12,1.216438611966301
VJJ,Control,38,Occipital_Visual,6.520638922936493e-13,0.36448859189080457
VJJ,Control,38,Gonzalez,2.2703462511040064e-12,1.2690708961949462
VJJ,Control,38,CPP,4.5285427161355456e-13,0.25313503437762436
VJJ,Control,39,Frontal,1.4356502008806401e-12,1.4511808186696262
VJJ,Control,39,Auditory,9.825205861636122e-13,0.9931493254513284
VJJ,Control,39,Occipital_Visual,5.1177806345907e-13,0.5173143908259278
VJJ,Control,39,Gonzalez,1.0437388043085385e-12,1.05502979178676
VJJ,Control,39,CPP,3.7054498625049674e-13,0.3745534783968089
VJJ,Control,40,Frontal,1.3052326362088999e-12,1.6758499305508983
VJJ,Control,40,Auditory,8.062795152857457e-13,1.035220413750037
VJJ,Control,40,Occipital_Visual,4.720282866963066e-13,0.6060594483568055
VJJ,Control,40,Gonzalez,9.668647643857263e-13,1.2414034121566364
VJJ,Control,40,CPP,2.7344516803165033e-13,0.35108918758447094
VJJ,Control,41,Frontal,9.315029567077438e-13,1.0035160238803367
VJJ,Control,41,Auditory,1.08099840068043e-12,1.164568731704177
VJJ,Control,41,Occipital_Visual,5.590009532024506e-13,0.6022164608963694
VJJ,Control,41,Gonzalez,8.57540695567759e-13,0.9238358535900305
VJJ,Control,41,CPP,4.195729672534391e-13,0.4520095108597154
VJJ,Control,42,Frontal,1.0017036103093573e-12,1.3164493901134635
VJJ,Control,42,Auditory,9.901076520827828e-13,1.301209860198581
VJJ,Control,42,Occipital_Visual,2.1000436461541476e-13,0.2759899384147659
VJJ,Control,42,Gonzalez,6.560711561809708e-13,0.8622155940505607
VJJ,Control,42,CPP,3.06105801301621e-13,0.4022874543791066
VJJ,Control,43,Frontal,1.6094074613261908e-12,1.2897056049845783
VJJ,Control,43,Auditory,1.2401908736700589e-12,0.9938323013023593
VJJ,Control,43,Occipital_Visual,8.451198766064888e-13,0.6772404552201553
VJJ,Control,43,Gonzalez,1.350130082915168e-12,1.0819325604214216
VJJ,Control,43,CPP,2.569513860062624e-13,0.20590910052557965
VJJ,Control,44,Frontal,1.0937194727072638e-12,1.74461746718075
VJJ,Control,44,Auditory,6.755312520250511e-13,1.0775556724725381
VJJ,Control,44,Occipital_Visual,2.544183757563536e-13,0.40582869135319005
VJJ,Control,44,Gonzalez,7.233928750727198e-13,1.1539008648735631
VJJ,Control,44,CPP,2.1926916900454404e-13,0.3497613709963846
VJJ,Control,45,Frontal,1.1369740008572502e-12,1.4450604439740486
VJJ,Control,45,Auditory,8.011703438910238e-13,1.0182638934303663
VJJ,Control,45,Occipital_Visual,2.9354228625108913e-13,0.3730835939742951
VJJ,Control,45,Gonzalez,6.285946665393203e-13,0.7989252940033372
VJJ,Control,45,CPP,3.4119527530760153e-13,0.43364913854327775
VJJ,Control,46,Frontal,1.185951411107219e-12,1.7915024080107873
VJJ,Control,46,Auditory,6.982763829968037e-13,1.0548187808368314
VJJ,Control,46,Occipital_Visual,2.6085056116949237e-13,0.3940417829005492
VJJ,Control,46,Gonzalez,6.244525893771295e-13,0.9433002963530006
VJJ,Control,46,CPP,2.8762246997526133e-13,0.43448352329849893
VJJ,Control,47,Frontal,2.578958727473528e-12,1.842006560073349
VJJ,Control,47,Auditory,1.5874409475471244e-12,1.133820641625941
VJJ,Control,47,Occipital_Visual,4.561172893102962e-13,0.3257791720829558
VJJ,Control,47,Gonzalez,1.4487783066492205e-12,1.034781641330945
VJJ,Control,47,CPP,5.130713064228228e-13,0.36645825392564135
VJJ,Control,48,Frontal,2.2982940654345252e-12,1.9851865066341372
VJJ,Control,48,Auditory,1.1316789439912856e-12,0.9775049256060796
VJJ,Control,48,Occipital_Visual,2.920717166335815e-13,0.25228139407862615
VJJ,Control,48,Gonzalez,8.616511782776713e-13,0.7442643299080342
VJJ,Control,48,CPP,4.1635811718085583e-13,0.35963566568178
VJJ,Control,49,Frontal,2.2163437076140105e-12,1.7337266317096465
VJJ,Control,49,Auditory,1.2344895170896244e-12,0.9656748386958233
VJJ,Control,49,Occipital_Visual,4.3116743408477e-13,0.3372791235540916
VJJ,Control,49,Gonzalez,1.0551395906300044e-12,0.8253790249959915
VJJ,Control,49,CPP,6.454726705179688e-13,0.5049185986240731
VJJ,Control,50,Frontal,1.9750815682241385e-12,1.7193907158214012
VJJ,Control,50,Auditory,1.1400181041468001e-12,0.9924332117081865
VJJ,Control,50,Occipital_Visual,5.919897907221121e-13,0.5153517537728061
VJJ,Control,50,Gonzalez,1.192470942828792e-12,1.0380955910748193
VJJ,Control,50,CPP,3.7543599539737136e-13,0.3268326611198221
VJJ,Control,51,Frontal,1.1695395015659676e-12,1.6998064861262059
VJJ,Control,51,Auditory,6.607496562701852e-13,0.9603322931203886
VJJ,Control,51,Occipital_Visual,2.3227018041016983e-13,0.33758103823451
VJJ,Control,51,Gonzalez,4.663370858768538e-13,0.6777734332472723
VJJ,Control,51,CPP,4.039179992879122e-13,0.5870536515726116
VJJ,Control,52,Frontal,2.111205579692706e-12,2.172127391235
VJJ,Control,52,Auditory,9.22015173668044e-13,0.9486212205588048
VJJ,Control,52,Occipital_Visual,2.6753368583576666e-13,0.2752537472767156
VJJ,Control,52,Gonzalez,9.082436969649525e-13,0.9344523484924031
VJJ,Control,52,CPP,4.15961855921864e-13,0.4279650213355056
VJJ,Control,53,Frontal,2.0350515907861777e-12,1.9914598327123691
VJJ,Control,53,Auditory,9.757257973390118e-13,0.9548252938350468
VJJ,Control,53,Occipital_Visual,4.780072010039918e-13,0.46776806291135276
VJJ,Control,53,Gonzalez,1.313012812848141e-12,1.2848874635230285
VJJ,Control,53,CPP,1.8002347491172865e-13,0.1761672877754965
VJJ,Control,54,Frontal,2.0415038569302552e-12,1.8483213606101934
VJJ,Control,54,Auditory,1.0901856547241104e-12,0.987024063568165
VJJ,Control,54,Occipital_Visual,7.733016810874464e-13,0.7001260421319541
VJJ,Control,54,Gonzalez,1.4208532239810013e-12,1.2864013728217334
VJJ,Control,54,CPP,2.6360644841321343e-13,0.23866201758215772
VJJ,Control,55,Frontal,3.0352196956083183e-12,2.242307141936959
VJJ,Control,55,Auditory,1.1305979495529598e-12,0.8352436104081716
VJJ,Control,55,Occipital_Visual,3.699534375429814e-13,0.2733078058194722
VJJ,Control,55,Gonzalez,1.1346688085061385e-12,0.8382510092194465
VJJ,Control,55,CPP,2.4816129245772433e-13,0.18333231009122627
VJJ,Control,56,Frontal,3.300695470482089e-12,1.8163156034606671
VJJ,Control,56,Auditory,1.8359403070766894e-12,1.0102861825900926
VJJ,Control,56,Occipital_Visual,5.012537942042959e-13,0.27583128945068947
VJJ,Control,56,Gonzalez,1.649273540000395e-12,0.9075666906768591
VJJ,Control,56,CPP,3.4432870832077555e-13,0.18947813005940112
VJJ,Control,57,Frontal,2.5831156991583776e-12,1.7705020424251467
VJJ,Control,57,Auditory,1.6122272198282322e-12,1.1050420956712583
VJJ,Control,57,Occipital_Visual,5.693550568971883e-13,0.3902435695892349
VJJ,Control,57,Gonzalez,1.577490616513131e-12,1.0812331632504857
VJJ,Control,57,CPP,4.666495025690555e-13,0.31984780924229705
VJJ,Control,58,Frontal,1.902649390041984e-12,1.99751658289734
VJJ,Control,58,Auditory,1.1125554269053855e-12,1.1680280803532062
VJJ,Control,58,Occipital_Visual,2.5006019174644103e-13,0.262528336723658
VJJ,Control,58,Gonzalez,1.2722071732544192e-12,1.3356401545954697
VJJ,Control,58,CPP,2.012406125257242e-13,0.21127458520546555
VJJ,Control,59,Frontal,2.5955413426445077e-12,2.742238567097722
VJJ,Control,59,Auditory,7.812647076190468e-13,0.8254209544443024
VJJ,Control,59,Occipital_Visual,1.7696337943769506e-13,0.18696516063333618
VJJ,Control,59,Gonzalez,1.0238043410193928e-12,1.0816686688738952
VJJ,Control,59,CPP,1.3625569397420796e-13,0.1439567202663176
