participant_id,session,task_type,trial_number,block_number,is_practice,coherence,direction,trial_start_trigger,stimulus_trigger,response_trigger,feedback_trigger,response,accuracy,reaction_time,stimulus_onset_time,response_time,trial_duration
TUT,1,binaural,1,0,1,0.4,right,20,142,nan,12,none,nan,nan,1312.546309,nan,2.013195
TUT,1,binaural,2,0,1,0.4,right,20,142,nan,12,none,nan,nan,1316.542437,nan,2.000816
TUT,1,binaural,3,0,1,0.4,left,20,141,1,10,left,1,0.785136,1320.659563,1321.444699,0.800076
TUT,1,binaural,4,0,1,0.4,left,20,141,1,10,left,1,1.183443,1323.092939,1324.276382,1.183677
TUT,1,binaural,5,0,1,0.4,left,20,141,2,11,right,0,1.200185,1325.993175,1327.19336,1.200377
TUT,1,binaural,6,0,1,0.4,left,20,141,2,11,right,0,0.867166,1328.676962,1329.544128,0.867373
TUT,1,binaural,7,0,1,0.4,left,20,141,1,10,left,1,1.051924,1331.026138,1332.078062,1.052268
TUT,1,binaural,8,0,1,0.4,left,20,141,1,10,left,1,1.419651,1333.642967,1335.062618,1.434383
TUT,1,binaural,9,0,1,0.4,right,20,142,2,10,right,1,1.384567,1336.726536,1338.111103,1.384766
TUT,1,binaural,10,0,1,0.4,right,20,142,2,10,right,1,0.950522,1339.593674,1340.544196,0.950727
TUT,1,binaural,11,0,1,0.4,left,20,141,1,10,left,1,1.200308,1342.277143,1343.477451,1.200569
TUT,1,binaural,12,0,1,0.4,right,20,142,2,10,right,1,0.667073,1345.210172,1345.877245,0.667282
TUT,1,binaural,13,0,1,0.4,right,20,142,2,10,right,1,0.716685,1347.510837,1348.227522,0.716943
TUT,1,binaural,14,0,1,0.4,right,20,142,nan,12,none,nan,nan,1349.8605,nan,2.00009
TUT,1,binaural,1,1,0,0.12,right,20,114,2,10,right,1,1.183466,1358.428035,1359.611501,1.183651
TUT,1,binaural,2,1,0,0.03,right,20,105,2,10,right,1,0.917912,1360.544469,1361.462382,0.918192
TUT,1,binaural,3,1,0,0.03,left,20,104,2,11,right,0,0.817131,1362.478357,1363.295487,0.817334
TUT,1,binaural,4,1,0,0.03,left,20,104,1,10,left,1,0.683759,1364.311357,1364.995116,0.683947
TUT,1,binaural,5,1,0,0.25,right,20,127,2,10,right,1,0.619269,1366.095198,1366.714466,0.633594
TUT,1,binaural,6,1,0,0.03,right,20,105,1,11,left,0,1.10056,1367.644775,1368.745335,1.100747
TUT,1,binaural,7,1,0,0.12,left,20,113,2,11,right,0,0.783515,1369.811916,1370.595431,0.783765
TUT,1,binaural,8,1,0,0.5,left,20,151,1,10,left,1,0.717967,1371.694948,1372.412915,0.718184
TUT,1,binaural,9,1,0,0.03,right,20,105,2,10,right,1,0.6509,1373.578718,1374.229618,0.651129
TUT,1,binaural,10,1,0,0.5,left,20,151,1,10,left,1,0.634723,1375.128179,1375.762902,0.634932
TUT,1,binaural,11,1,0,0.06,left,20,107,2,11,right,0,0.585024,1376.878333,1377.463357,0.585222
TUT,1,binaural,12,1,0,0.0,left,20,101,1,10,left,1,1.000221,1378.512234,1379.512456,1.000467
TUT,1,binaural,13,1,0,0.0,left,20,101,2,11,right,0,0.650658,1380.545236,1381.195894,0.650974
TUT,1,binaural,14,1,0,0.12,right,20,114,2,10,right,1,0.866791,1382.412815,1383.279606,0.866985
TUT,1,binaural,15,1,0,0.12,right,20,114,2,10,right,1,0.583653,1384.362579,1384.946232,0.583841
TUT,1,binaural,16,1,0,0.5,right,20,152,2,10,right,1,0.533317,1386.162891,1386.696207,0.533551
TUT,1,binaural,17,1,0,0.5,left,20,151,1,10,left,1,0.536111,1387.795579,1388.33169,0.550442
TUT,1,binaural,18,1,0,0.5,left,20,151,1,10,left,1,0.651216,1389.478883,1390.130099,0.651414
TUT,1,binaural,19,1,0,0.03,right,20,105,2,10,right,1,0.669627,1391.062367,1391.731995,0.683608
TUT,1,binaural,20,1,0,0.0,left,20,101,1,10,left,1,0.718885,1392.729921,1393.448806,0.733048
TUT,1,binaural,21,1,0,0.03,left,20,104,2,11,right,0,0.600786,1394.49629,1395.097076,0.600976
TUT,1,binaural,22,1,0,0.5,right,20,152,2,10,right,1,0.583734,1396.163036,1396.74677,0.583929
TUT,1,binaural,23,1,0,0.25,left,20,126,1,10,left,1,0.583563,1397.779591,1398.363154,0.583821
TUT,1,binaural,24,1,0,0.25,right,20,127,2,10,right,1,0.550451,1399.379929,1399.93038,0.550723
TUT,1,binaural,25,1,0,0.5,left,20,151,1,10,left,1,0.500758,1401.012337,1401.513095,0.501067
TUT,1,binaural,26,1,0,0.03,left,20,104,2,11,right,0,0.969175,1402.363038,1403.332213,0.983966
TUT,1,binaural,27,1,0,0.0,left,20,101,2,11,right,0,0.900903,1404.279778,1405.180681,0.9011
TUT,1,binaural,28,1,0,0.03,right,20,105,2,10,right,1,1.067664,1406.41297,1407.480634,1.067857
TUT,1,binaural,29,1,0,0.0,right,20,102,1,11,left,0,0.800896,1408.563758,1409.364655,0.801082
TUT,1,binaural,30,1,0,0.5,right,20,152,2,10,right,1,0.584447,1410.346455,1410.930903,0.584635
TUT,1,binaural,31,1,0,0.5,left,20,151,1,10,left,1,0.467171,1411.963239,1412.43041,0.467381
TUT,1,binaural,32,1,0,0.0,left,20,101,1,10,left,1,0.666846,1413.513837,1414.180682,0.667098
TUT,1,binaural,33,1,0,0.03,right,20,105,1,11,left,0,0.734149,1415.23056,1415.964709,0.734337
TUT,1,binaural,34,1,0,0.0,left,20,101,1,10,left,1,0.584097,1417.147126,1417.731224,0.584293
TUT,1,binaural,35,1,0,0.12,left,20,113,2,11,right,0,0.584031,1418.797375,1419.381406,0.584226
TUT,1,binaural,36,1,0,0.0,right,20,102,1,11,left,0,0.551129,1420.330377,1420.881506,0.551334
TUT,1,binaural,37,1,0,0.03,right,20,105,2,10,right,1,0.501655,1421.831365,1422.33302,0.516242
TUT,1,binaural,38,1,0,0.03,right,20,105,1,11,left,0,0.551154,1423.347213,1423.898368,0.55134
TUT,1,binaural,39,1,0,0.12,left,20,113,1,10,left,1,0.500996,1424.930919,1425.431914,0.501336
TUT,1,binaural,40,1,0,0.0,left,20,101,2,11,right,0,0.569121,1426.330963,1426.900084,0.584222
TUT,1,binaural,41,1,0,0.03,right,20,105,1,11,left,0,0.701388,1427.863771,1428.565159,0.701581
TUT,1,binaural,42,1,0,0.03,left,20,104,1,10,left,1,0.616569,1429.76472,1430.381289,0.616798
TUT,1,binaural,43,1,0,0.06,right,20,108,1,11,left,0,0.70046,1431.281372,1431.981832,0.700692
TUT,1,binaural,44,1,0,0.25,right,20,127,2,10,right,1,0.600466,1432.998138,1433.598604,0.600838
TUT,1,binaural,45,1,0,0.5,right,20,152,2,10,right,1,0.600474,1434.681188,1435.281662,0.600663
TUT,1,binaural,46,1,0,0.12,left,20,113,1,10,left,1,1.300375,1436.181605,1437.48198,1.3006
TUT,1,binaural,47,1,0,0.12,left,20,113,2,11,right,0,0.734209,1438.514455,1439.248664,0.73439
TUT,1,binaural,48,1,0,0.5,right,20,152,2,10,right,1,0.533773,1440.064743,1440.598515,0.534019
TUT,1,binaural,49,1,0,0.5,left,20,151,1,10,left,1,0.533889,1441.681508,1442.215397,0.534157
TUT,1,binaural,50,1,0,0.12,right,20,114,2,10,right,1,0.601065,1443.24807,1443.849135,0.601267
TUT,1,binaural,51,1,0,0.03,right,20,105,1,11,left,0,0.536019,1444.898503,1445.434522,0.550524
TUT,1,binaural,52,1,0,0.06,right,20,108,1,11,left,0,0.701129,1446.531609,1447.232738,0.701324
TUT,1,binaural,53,1,0,0.12,left,20,113,1,10,left,1,0.567501,1448.182181,1448.749681,0.567692
TUT,1,binaural,54,1,0,0.03,left,20,104,1,10,left,1,0.519795,1449.765188,1450.284983,0.533825
TUT,1,binaural,55,1,0,0.12,right,20,114,2,10,right,1,0.818361,1451.314936,1452.133298,0.818565
TUT,1,binaural,56,1,0,0.5,right,20,152,2,10,right,1,0.568375,1453.398905,1453.96728,0.583364
TUT,1,binaural,57,1,0,0.0,left,20,101,1,10,left,1,0.850623,1455.015376,1455.865999,0.850815
TUT,1,binaural,58,1,0,0.03,left,20,104,1,10,left,1,0.484795,1457.065532,1457.550326,0.484992
TUT,1,binaural,59,1,0,0.06,left,20,107,1,10,left,1,0.733998,1458.41567,1459.149668,0.734187
TUT,1,binaural,60,1,0,0.06,left,20,107,2,11,right,0,0.86778,1460.298762,1461.166542,0.868126
TUT,1,binaural,61,1,0,0.06,right,20,108,1,11,left,0,1.168598,1462.231345,1463.399943,1.168832
TUT,1,binaural,62,1,0,0.12,right,20,114,1,11,left,0,0.783693,1464.599601,1465.383294,0.783892
TUT,1,binaural,63,1,0,0.03,right,20,105,2,10,right,1,1.133781,1466.533022,1467.666803,1.134037
TUT,1,binaural,64,1,0,0.0,right,20,102,1,11,left,0,0.817248,1468.583069,1469.400318,0.817458
TUT,1,binaural,65,1,0,0.12,left,20,113,2,11,right,0,0.850535,1470.416169,1471.266704,0.850727
TUT,1,binaural,66,1,0,0.12,left,20,113,2,11,right,0,0.951228,1472.383111,1473.334339,0.95141
TUT,1,binaural,67,1,0,0.5,right,20,152,2,10,right,1,0.534139,1474.400031,1474.93417,0.534335
TUT,1,binaural,68,1,0,0.0,left,20,101,1,10,left,1,0.717017,1476.099913,1476.81693,0.717217
TUT,1,binaural,69,1,0,0.06,left,20,107,1,10,left,1,0.63411,1477.849996,1478.484106,0.634313
TUT,1,binaural,70,1,0,0.03,right,20,105,1,11,left,0,0.784198,1479.466404,1480.250602,0.784381
TUT,1,binaural,71,1,0,0.25,right,20,127,2,10,right,1,0.567284,1481.300193,1481.867477,0.567481
TUT,1,binaural,72,1,0,0.0,left,20,101,1,10,left,1,0.767897,1483.016517,1483.784414,0.768092
TUT,1,binaural,73,1,0,0.5,left,20,151,1,10,left,1,0.634343,1484.700469,1485.334812,0.634536
TUT,1,binaural,74,1,0,0.5,left,20,151,1,10,left,1,0.600737,1486.249932,1486.850669,0.600931
TUT,1,binaural,75,1,0,0.0,right,20,102,1,11,left,0,0.950556,1487.750479,1488.701036,0.950808
TUT,1,binaural,76,1,0,0.0,left,20,101,1,10,left,1,0.717143,1489.650745,1490.367888,0.717315
TUT,1,binaural,77,1,0,0.5,right,20,152,2,10,right,1,0.466911,1491.234049,1491.700959,0.46715
TUT,1,binaural,78,1,0,0.25,left,20,126,1,10,left,1,0.766185,1492.701193,1493.467378,0.766374
TUT,1,binaural,79,1,0,0.5,right,20,152,2,10,right,1,0.552231,1494.484248,1495.036479,0.567044
TUT,1,binaural,80,1,0,0.25,left,20,126,1,10,left,1,0.650649,1496.01759,1496.668239,0.650847
TUT,1,binaural,81,1,0,0.03,right,20,105,1,11,left,0,0.684034,1497.584318,1498.268352,0.684225
TUT,1,binaural,82,1,0,0.12,left,20,113,1,10,left,1,0.783755,1499.26769,1500.051445,0.783938
TUT,1,binaural,83,1,0,0.06,left,20,107,1,10,left,1,0.7526,1501.117352,1501.869952,0.76753
TUT,1,binaural,84,1,0,0.06,left,20,107,1,10,left,1,0.767761,1503.084145,1503.851907,0.767948
TUT,1,binaural,85,1,0,0.12,left,20,113,1,10,left,1,0.717445,1504.984672,1505.702117,0.717637
TUT,1,binaural,86,1,0,0.5,left,20,151,1,10,left,1,0.533736,1506.734493,1507.268229,0.53392
TUT,1,binaural,87,1,0,0.5,right,20,152,2,10,right,1,0.567661,1508.284768,1508.852429,0.567888
TUT,1,binaural,88,1,0,0.25,left,20,126,1,10,left,1,0.650331,1509.868036,1510.518367,0.650532
TUT,1,binaural,89,1,0,0.25,left,20,126,1,10,left,1,0.500344,1511.602012,1512.102356,0.500579
TUT,1,binaural,90,1,0,0.5,left,20,151,1,10,left,1,0.501077,1513.151263,1513.65234,0.501263
TUT,1,binaural,91,1,0,0.06,left,20,107,1,10,left,1,0.767708,1514.585063,1515.35277,0.767893
TUT,1,binaural,92,1,0,0.25,right,20,127,2,10,right,1,0.750916,1516.384993,1517.13591,0.751153
TUT,1,binaural,93,1,0,0.03,right,20,105,2,10,right,1,0.834069,1518.018779,1518.852848,0.834293
TUT,1,binaural,94,1,0,0.5,left,20,151,1,10,left,1,0.60277,1519.701486,1520.304256,0.617882
TUT,1,binaural,95,1,0,0.06,left,20,107,1,10,left,1,0.63353,1521.368056,1522.001586,0.633658
TUT,1,binaural,96,1,0,0.06,right,20,108,2,10,right,1,0.600779,1523.085386,1523.686165,0.600966
TUT,1,binaural,97,1,0,0.06,right,20,108,2,10,right,1,0.866901,1524.568888,1525.435788,0.867145
TUT,1,binaural,98,1,0,0.25,left,20,126,1,10,left,1,0.716805,1526.619041,1527.335845,0.717077
TUT,1,binaural,99,1,0,0.03,left,20,104,1,10,left,1,0.866646,1528.453115,1529.319761,0.866832
TUT,1,binaural,100,1,0,0.03,left,20,104,1,10,left,1,0.650523,1530.352559,1531.003083,0.650711
TUT,1,binaural,101,1,0,0.25,left,20,126,1,10,left,1,0.633507,1532.102653,1532.73616,0.633778
TUT,1,binaural,102,1,0,0.25,left,20,126,1,10,left,1,0.750779,1533.935668,1534.686448,0.750968
TUT,1,binaural,103,1,0,0.03,right,20,105,1,11,left,0,0.783443,1535.736077,1536.519521,0.783644
TUT,1,binaural,104,1,0,0.06,right,20,108,2,10,right,1,0.817204,1537.569083,1538.386286,0.8174
TUT,1,binaural,105,1,0,0.25,right,20,127,2,10,right,1,0.583805,1539.585993,1540.169797,0.584037
TUT,1,binaural,106,1,0,0.5,right,20,152,2,10,right,1,0.533793,1541.253101,1541.786894,0.5341
TUT,1,binaural,107,1,0,0.06,left,20,107,1,10,left,1,0.584322,1542.802734,1543.387056,0.58455
TUT,1,binaural,108,1,0,0.12,left,20,113,1,10,left,1,0.700758,1544.386333,1545.087091,0.701023
TUT,1,binaural,109,1,0,0.5,right,20,152,2,10,right,1,0.600472,1546.136432,1546.736904,0.600662
TUT,1,binaural,110,1,0,0.03,left,20,104,1,10,left,1,0.583633,1547.703701,1548.287334,0.583822
TUT,1,binaural,111,1,0,0.12,right,20,114,1,11,left,0,0.551367,1549.386276,1549.937643,0.551553
TUT,1,binaural,112,1,0,0.03,right,20,105,1,11,left,0,0.7511,1550.836827,1551.587928,0.751293
TUT,1,binaural,113,1,0,0.25,right,20,127,1,11,left,0,0.634495,1552.820185,1553.45468,0.634691
TUT,1,binaural,114,1,0,0.06,left,20,107,1,10,left,1,0.836392,1554.336747,1555.173139,0.850796
TUT,1,binaural,115,1,0,0.0,right,20,102,1,11,left,0,0.717096,1556.237313,1556.954409,0.71729
TUT,1,binaural,116,1,0,0.5,right,20,152,2,10,right,1,0.601921,1558.054247,1558.656168,0.616928
TUT,1,binaural,117,1,0,0.03,right,20,105,1,11,left,0,0.583811,1559.636892,1560.220703,0.583998
TUT,1,binaural,118,1,0,0.03,left,20,104,2,11,right,0,0.850651,1561.270808,1562.121459,0.85092
TUT,1,binaural,119,1,0,0.06,right,20,108,2,10,right,1,0.96773,1563.02036,1563.98809,0.968001
TUT,1,binaural,120,1,0,0.06,left,20,107,1,10,left,1,1.400486,1565.004316,1566.404801,1.400687
TUT,1,binaural,121,2,0,0.03,left,20,104,1,10,left,1,1.716358,1574.770569,1576.486927,1.716525
TUT,1,binaural,122,2,0,0.06,left,20,107,1,10,left,1,0.651623,1577.553535,1578.205158,0.651757
TUT,1,binaural,123,2,0,0.12,right,20,114,1,11,left,0,0.650547,1579.188159,1579.838706,0.650747
TUT,1,binaural,124,2,0,0.12,left,20,113,1,10,left,1,0.749907,1580.987754,1581.737661,0.75003
TUT,1,binaural,125,2,0,0.5,right,20,152,2,10,right,1,0.584348,1582.687962,1583.27231,0.584542
TUT,1,binaural,126,2,0,0.5,right,20,152,1,11,left,0,0.684291,1584.288324,1584.972615,0.684493
TUT,1,binaural,127,2,0,0.25,right,20,127,1,11,left,0,0.550667,1585.938318,1586.488985,0.550855
TUT,1,binaural,128,2,0,0.12,left,20,113,1,10,left,1,0.617793,1587.571301,1588.189095,0.618052
TUT,1,binaural,129,2,0,0.06,left,20,107,1,10,left,1,0.701192,1589.188396,1589.889588,0.701419
TUT,1,binaural,130,2,0,0.06,right,20,108,1,11,left,0,0.768096,1590.821443,1591.589538,0.768285
TUT,1,binaural,131,2,0,0.5,right,20,152,2,10,right,1,0.600304,1592.471941,1593.072245,0.60057
TUT,1,binaural,132,2,0,0.25,left,20,126,1,10,left,1,0.650512,1594.171857,1594.822369,0.650767
TUT,1,binaural,133,2,0,0.03,left,20,104,2,11,right,0,0.80074,1595.855287,1596.656027,0.800929
TUT,1,binaural,134,2,0,0.25,right,20,127,2,10,right,1,0.6171,1597.722628,1598.339727,0.617281
TUT,1,binaural,135,2,0,0.5,right,20,152,1,11,left,0,0.583481,1599.372326,1599.955807,0.583668
TUT,1,binaural,136,2,0,0.06,right,20,108,1,11,left,0,0.600569,1601.038999,1601.639568,0.600765
TUT,1,binaural,137,2,0,0.25,left,20,126,1,10,left,1,0.58388,1602.572457,1603.156338,0.584085
TUT,1,binaural,138,2,0,0.0,left,20,101,1,10,left,1,0.817217,1604.155605,1604.972822,0.817401
TUT,1,binaural,139,2,0,0.0,left,20,101,1,10,left,1,0.683698,1606.155746,1606.839443,0.683921
TUT,1,binaural,140,2,0,0.03,right,20,105,1,11,left,0,0.801113,1607.955729,1608.756842,0.801301
TUT,1,binaural,141,2,0,0.06,right,20,108,1,11,left,0,0.717432,1609.868593,1610.586025,0.717618
TUT,1,binaural,142,2,0,0.06,right,20,108,1,11,left,0,0.83388,1611.702056,1612.535936,0.834071
TUT,1,binaural,143,2,0,0.5,left,20,151,1,10,left,1,0.583786,1613.6354,1614.219187,0.583963
TUT,1,binaural,144,2,0,0.06,right,20,108,1,11,left,0,0.784123,1615.318997,1616.103121,0.784327
TUT,1,binaural,145,2,0,0.06,right,20,108,1,11,left,0,0.683533,1617.285567,1617.9691,0.683772
TUT,1,binaural,146,2,0,0.5,left,20,151,1,10,left,1,0.567702,1619.118555,1619.686257,0.567893
TUT,1,binaural,147,2,0,0.12,left,20,113,2,11,right,0,0.717723,1620.802053,1621.519775,0.717962
TUT,1,binaural,148,2,0,0.25,left,20,126,1,10,left,1,0.600382,1622.585737,1623.186119,0.600583
TUT,1,binaural,149,2,0,0.5,left,20,151,1,10,left,1,0.53404,1624.302204,1624.836244,0.534227
TUT,1,binaural,150,2,0,0.25,right,20,127,2,10,right,1,0.75022,1625.869533,1626.619752,0.750439
TUT,1,binaural,151,2,0,0.0,left,20,101,1,10,left,1,0.683906,1627.569155,1628.25306,0.684097
TUT,1,binaural,152,2,0,0.0,right,20,102,1,11,left,0,0.883595,1629.452911,1630.336506,0.883794
TUT,1,binaural,153,2,0,0.5,left,20,151,1,10,left,1,0.500484,1631.385829,1631.886313,0.500752
TUT,1,binaural,154,2,0,0.03,left,20,104,1,10,left,1,0.566922,1633.002833,1633.569754,0.5671
TUT,1,binaural,155,2,0,0.03,right,20,105,2,10,right,1,0.719,1634.536154,1635.255154,0.733782
TUT,1,binaural,156,2,0,0.12,right,20,114,2,10,right,1,0.651268,1636.269934,1636.921202,0.651458
TUT,1,binaural,157,2,0,0.03,left,20,104,1,10,left,1,0.48383,1637.969937,1638.453767,0.484021
TUT,1,binaural,158,2,0,0.12,left,20,113,2,11,right,0,0.567213,1639.46998,1640.037194,0.567402
TUT,1,binaural,159,2,0,0.12,left,20,113,1,10,left,1,0.601129,1641.00261,1641.603738,0.601495
TUT,1,binaural,160,2,0,0.03,right,20,105,2,10,right,1,0.667532,1642.786374,1643.453906,0.667739
TUT,1,binaural,161,2,0,0.12,right,20,114,2,10,right,1,0.667392,1644.586945,1645.254337,0.667575
TUT,1,binaural,162,2,0,0.0,left,20,101,2,11,right,0,0.683821,1646.37022,1647.054041,0.684172
TUT,1,binaural,163,2,0,0.12,left,20,113,1,10,left,1,1.217432,1647.903589,1649.121021,1.217626
TUT,1,binaural,164,2,0,0.25,right,20,127,2,10,right,1,0.650634,1650.270418,1650.921053,0.650824
TUT,1,binaural,165,2,0,0.06,left,20,107,1,10,left,1,0.619245,1652.070638,1652.689883,0.633915
TUT,1,binaural,166,2,0,0.03,left,20,104,1,10,left,1,0.900388,1653.653781,1654.554168,0.90059
TUT,1,binaural,167,2,0,0.25,right,20,127,2,10,right,1,0.716997,1655.687762,1656.404759,0.717194
TUT,1,binaural,168,2,0,0.06,right,20,108,2,10,right,1,0.917745,1657.470812,1658.388556,0.917942
TUT,1,binaural,169,2,0,0.0,right,20,102,1,11,left,0,0.517892,1659.437211,1659.955103,0.518091
TUT,1,binaural,170,2,0,0.0,right,20,102,2,10,right,1,0.917366,1661.054446,1661.971812,0.917567
TUT,1,binaural,171,2,0,0.12,right,20,114,1,11,left,0,0.534051,1662.887671,1663.421721,0.53429
TUT,1,binaural,172,2,0,0.5,left,20,151,1,10,left,1,0.516771,1664.454518,1664.971289,0.51702
TUT,1,binaural,173,2,0,0.12,right,20,114,2,10,right,1,0.933787,1666.154641,1667.088427,0.933989
TUT,1,binaural,174,2,0,0.12,right,20,114,2,10,right,1,0.650345,1668.254586,1668.904931,0.650595
TUT,1,binaural,175,2,0,0.5,right,20,152,2,10,right,1,0.634435,1670.037804,1670.672238,0.634624
TUT,1,binaural,176,2,0,0.03,left,20,104,1,10,left,1,0.800674,1671.771267,1672.571942,0.801145
TUT,1,binaural,177,2,0,0.06,right,20,108,2,10,right,1,0.700337,1673.704885,1674.405223,0.700665
TUT,1,binaural,178,2,0,0.25,right,20,127,2,10,right,1,0.584411,1675.571066,1676.155477,0.584657
TUT,1,binaural,179,2,0,0.06,left,20,107,1,10,left,1,1.200586,1677.171536,1678.372122,1.200775
TUT,1,binaural,180,2,0,0.5,left,20,151,1,10,left,1,1.300955,1679.421444,1680.722399,1.301158
TUT,1,binaural,181,2,0,0.12,left,20,113,1,10,left,1,0.867455,1681.871868,1682.739323,0.867641
TUT,1,binaural,182,2,0,0.06,left,20,107,2,11,right,0,0.984485,1683.78818,1684.772665,0.984675
TUT,1,binaural,183,2,0,0.12,left,20,113,1,10,left,1,1.050441,1685.788918,1686.839359,1.050633
TUT,1,binaural,184,2,0,0.0,right,20,102,1,11,left,0,0.900332,1687.888847,1688.789179,0.900528
TUT,1,binaural,185,2,0,0.0,right,20,102,2,10,right,1,0.635448,1689.889166,1690.524614,0.650247
TUT,1,binaural,186,2,0,0.25,left,20,126,1,10,left,1,0.517971,1691.622368,1692.140339,0.518225
TUT,1,binaural,187,2,0,0.25,left,20,126,1,10,left,1,0.600846,1693.205292,1693.806138,0.601043
TUT,1,binaural,188,2,0,0.12,right,20,114,2,10,right,1,0.667398,1695.055601,1695.723,0.667686
TUT,1,binaural,189,2,0,0.03,left,20,104,1,10,left,1,0.718935,1696.705627,1697.424562,0.734526
TUT,1,binaural,190,2,0,0.06,left,20,107,1,10,left,1,0.583818,1698.389415,1698.973233,0.584116
TUT,1,binaural,191,2,0,0.12,right,20,114,2,10,right,1,0.618205,1699.955542,1700.573748,0.618397
TUT,1,binaural,192,2,0,0.06,left,20,107,1,10,left,1,0.567182,1701.621885,1702.189067,0.567305
TUT,1,binaural,193,2,0,0.0,left,20,101,1,10,left,1,0.916607,1702.988684,1703.905291,0.91682
TUT,1,binaural,194,2,0,0.25,right,20,127,2,10,right,1,0.651805,1705.039125,1705.69093,0.652007
TUT,1,binaural,195,2,0,0.12,right,20,114,2,10,right,1,0.650065,1706.806602,1707.456668,0.65025
TUT,1,binaural,196,2,0,0.06,left,20,107,1,10,left,1,0.750354,1708.523272,1709.273626,0.750548
TUT,1,binaural,197,2,0,0.12,left,20,113,1,10,left,1,0.616555,1710.190615,1710.807169,0.616751
TUT,1,binaural,198,2,0,0.5,left,20,151,1,10,left,1,0.500786,1711.873121,1712.373906,0.500988
TUT,1,binaural,199,2,0,0.25,right,20,127,2,10,right,1,0.617429,1713.23992,1713.857349,0.617621
TUT,1,binaural,200,2,0,0.25,left,20,126,1,10,left,1,0.633706,1714.97343,1715.607136,0.633892
TUT,1,binaural,201,2,0,0.5,right,20,152,2,10,right,1,0.600731,1716.540111,1717.140842,0.600919
TUT,1,binaural,202,2,0,0.25,left,20,126,1,10,left,1,0.601063,1718.323507,1718.92457,0.601351
TUT,1,binaural,203,2,0,0.0,left,20,101,2,11,right,0,0.566847,1720.023806,1720.590654,0.567036
TUT,1,binaural,204,2,0,0.06,right,20,108,1,11,left,0,0.917245,1721.623786,1722.541031,0.917479
TUT,1,binaural,205,2,0,0.25,left,20,126,1,10,left,1,0.617569,1723.657104,1724.274674,0.617903
TUT,1,binaural,206,2,0,0.12,right,20,114,2,10,right,1,0.517022,1725.290247,1725.80727,0.517245
TUT,1,binaural,207,2,0,0.0,right,20,102,1,11,left,0,0.766218,1726.841187,1727.607405,0.766401
TUT,1,binaural,208,2,0,0.25,left,20,126,1,10,left,1,1.232897,1728.674699,1729.907597,1.233191
TUT,1,binaural,209,2,0,0.06,left,20,107,1,10,left,1,0.933913,1730.891242,1731.825155,0.934102
TUT,1,binaural,210,2,0,0.12,right,20,114,2,10,right,1,0.783466,1732.990974,1733.774441,0.783775
TUT,1,binaural,211,2,0,0.0,right,20,102,1,11,left,0,0.934597,1734.690552,1735.625149,0.934798
TUT,1,binaural,212,2,0,0.5,right,20,152,2,10,right,1,1.100171,1736.641119,1737.741291,1.100458
TUT,1,binaural,213,2,0,0.5,left,20,151,1,10,left,1,1.351064,1738.707559,1740.058624,1.351262
TUT,1,binaural,214,2,0,0.25,right,20,127,2,10,right,1,0.600866,1741.274168,1741.875033,0.601055
TUT,1,binaural,215,2,0,0.06,left,20,107,1,10,left,1,0.684558,1742.807878,1743.492436,0.68482
TUT,1,binaural,216,2,0,0.0,right,20,102,2,10,right,1,0.500686,1744.574598,1745.075284,0.500954
TUT,1,binaural,217,2,0,0.5,right,20,152,2,10,right,1,0.450741,1746.191589,1746.64233,0.450938
TUT,1,binaural,218,2,0,0.12,left,20,113,1,10,left,1,0.601019,1747.508115,1748.109134,0.601208
TUT,1,binaural,219,2,0,0.12,right,20,114,2,10,right,1,0.56673,1749.142096,1749.708827,0.566921
TUT,1,binaural,220,2,0,0.25,right,20,127,2,10,right,1,0.534017,1750.508384,1751.042401,0.53427
TUT,1,binaural,221,2,0,0.0,right,20,102,nan,nan,none,nan,nan,1752.008115,nan,2.000563
TUT,1,binaural,222,2,0,0.25,left,20,126,1,10,left,1,0.98523,1754.958679,1755.943909,1.00083
TUT,1,binaural,223,2,0,0.0,left,20,101,2,11,right,0,0.785338,1756.942083,1757.727421,0.800443
TUT,1,binaural,224,2,0,0.25,left,20,126,1,10,left,1,0.650945,1758.842121,1759.493066,0.65114
TUT,1,binaural,225,2,0,0.12,right,20,114,2,10,right,1,0.650151,1760.508704,1761.158855,0.650334
TUT,1,binaural,226,2,0,0.25,left,20,126,1,10,left,1,0.533926,1762.108165,1762.642091,0.534154
TUT,1,binaural,227,2,0,0.25,left,20,126,1,10,left,1,0.669961,1763.741899,1764.41186,0.683995
TUT,1,binaural,228,2,0,0.12,left,20,113,1,10,left,1,0.669035,1765.375709,1766.044744,0.683695
TUT,1,binaural,229,2,0,0.03,right,20,105,2,10,right,1,0.701138,1767.158843,1767.859981,0.70141
TUT,1,binaural,230,2,0,0.06,right,20,108,1,11,left,0,0.68415,1768.892129,1769.576279,0.684361
TUT,1,binaural,231,2,0,0.12,left,20,113,1,10,left,1,0.783972,1770.525712,1771.309684,0.784162
TUT,1,binaural,232,2,0,0.25,left,20,126,1,10,left,1,0.78441,1772.475603,1773.260012,0.7846
TUT,1,binaural,233,2,0,0.03,right,20,105,2,10,right,1,0.719252,1774.276137,1774.99539,0.73407
TUT,1,binaural,234,2,0,0.12,left,20,113,1,10,left,1,0.766576,1776.143753,1776.910329,0.766847
TUT,1,binaural,235,2,0,0.03,left,20,104,1,10,left,1,1.017538,1777.875899,1778.893437,1.017739
TUT,1,binaural,236,2,0,0.12,right,20,114,2,10,right,1,1.134339,1779.775946,1780.910285,1.134615
TUT,1,binaural,237,2,0,0.12,right,20,114,2,10,right,1,0.700685,1781.876164,1782.576849,0.700872
TUT,1,binaural,238,2,0,0.0,right,20,102,1,11,left,0,0.683634,1783.576856,1784.26049,0.683866
TUT,1,binaural,239,2,0,0.25,left,20,126,1,10,left,1,0.650222,1785.16006,1785.810283,0.650414
TUT,1,binaural,240,2,0,0.25,left,20,126,1,10,left,1,0.66732,1786.67674,1787.34406,0.667515
TUT,1,binaural,241,3,0,0.5,right,20,152,2,10,right,1,1.199659,1806.494781,1807.694441,1.199903
TUT,1,binaural,242,3,0,0.25,right,20,127,2,10,right,1,0.867386,1808.611043,1809.478429,0.867574
TUT,1,binaural,243,3,0,0.12,right,20,114,2,10,right,1,1.617039,1810.460887,1812.077926,1.617241
TUT,1,binaural,244,3,0,0.06,right,20,108,2,10,right,1,0.683563,1812.944747,1813.628309,0.683759
TUT,1,binaural,245,3,0,0.06,left,20,107,1,10,left,1,0.633775,1814.644734,1815.278509,0.633973
TUT,1,binaural,246,3,0,0.12,right,20,114,2,10,right,1,0.5502,1816.328266,1816.878466,0.550394
TUT,1,binaural,247,3,0,0.12,right,20,114,2,10,right,1,0.667227,1817.894415,1818.561642,0.66748
TUT,1,binaural,248,3,0,0.5,left,20,151,1,10,left,1,0.550845,1819.627816,1820.178661,0.55104
TUT,1,binaural,249,3,0,0.12,right,20,114,2,10,right,1,0.78422,1821.377692,1822.161912,0.799892
TUT,1,binaural,250,3,0,0.25,left,20,126,1,10,left,1,0.599997,1823.161667,1823.761663,0.600233
TUT,1,binaural,251,3,0,0.25,right,20,127,2,10,right,1,0.602668,1824.845298,1825.447966,0.61723
TUT,1,binaural,252,3,0,0.0,right,20,102,1,11,left,0,0.583696,1826.512041,1827.095737,0.583888
TUT,1,binaural,253,3,0,0.06,right,20,108,1,11,left,0,1.050591,1827.94499,1828.995581,1.050794
TUT,1,binaural,254,3,0,0.06,right,20,108,2,10,right,1,0.750675,1830.028701,1830.779376,0.750866
TUT,1,binaural,255,3,0,0.12,left,20,113,1,10,left,1,0.717318,1831.84498,1832.562298,0.717544
TUT,1,binaural,256,3,0,0.0,left,20,101,1,10,left,1,0.783238,1833.479047,1834.262286,0.783473
TUT,1,binaural,257,3,0,0.06,right,20,108,1,11,left,0,0.833319,1835.429479,1836.262798,0.833504
TUT,1,binaural,258,3,0,0.06,right,20,108,1,11,left,0,0.950669,1837.262153,1838.212822,0.950855
TUT,1,binaural,259,3,0,0.12,left,20,113,1,10,left,1,0.66779,1839.345634,1840.013424,0.667991
TUT,1,binaural,260,3,0,0.25,left,20,126,1,10,left,1,0.850807,1840.995443,1841.84625,0.851008
TUT,1,binaural,261,3,0,0.0,right,20,102,2,10,right,1,0.818494,1842.930192,1843.748686,0.83297
TUT,1,binaural,262,3,0,0.06,right,20,108,1,11,left,0,0.852939,1845.012346,1845.865285,0.867077
TUT,1,binaural,263,3,0,0.03,right,20,105,1,11,left,0,0.849798,1846.729786,1847.579584,0.850007
TUT,1,binaural,264,3,0,0.12,right,20,114,2,10,right,1,0.667646,1848.595996,1849.263642,0.667882
TUT,1,binaural,265,3,0,0.25,right,20,127,2,10,right,1,0.833929,1850.229457,1851.063386,0.834229
TUT,1,binaural,266,3,0,0.06,left,20,107,1,10,left,1,0.784494,1852.096097,1852.880591,0.784703
TUT,1,binaural,267,3,0,0.03,right,20,105,2,10,right,1,0.550572,1853.929942,1854.480514,0.55076
TUT,1,binaural,268,3,0,0.03,right,20,105,1,11,left,0,0.767647,1855.462953,1856.2306,0.767845
TUT,1,binaural,269,3,0,0.25,left,20,126,2,11,right,0,0.9833,1857.280159,1858.263459,0.983588
TUT,1,binaural,270,3,0,0.5,left,20,151,1,10,left,1,0.635717,1859.23018,1859.865896,0.649827
TUT,1,binaural,271,3,0,0.0,right,20,102,1,11,left,0,1.150577,1860.963107,1862.113685,1.150808
TUT,1,binaural,272,3,0,0.03,left,20,104,1,10,left,1,1.100178,1862.929091,1864.029269,1.100395
TUT,1,binaural,273,3,0,0.03,right,20,105,2,10,right,1,0.968798,1865.045705,1866.014502,0.984006
TUT,1,binaural,274,3,0,0.03,right,20,105,2,10,right,1,1.036102,1867.080395,1868.116497,1.050081
TUT,1,binaural,275,3,0,0.25,left,20,126,1,10,left,1,0.53352,1869.047212,1869.580732,0.533704
TUT,1,binaural,276,3,0,0.06,right,20,108,2,10,right,1,0.717837,1870.763318,1871.481156,0.718023
TUT,1,binaural,277,3,0,0.03,left,20,104,1,10,left,1,0.700886,1872.747019,1873.447905,0.701111
TUT,1,binaural,278,3,0,0.06,right,20,108,1,11,left,0,0.965471,1874.330968,1875.296439,0.965627
TUT,1,binaural,279,3,0,0.5,right,20,152,2,10,right,1,0.751752,1876.396277,1877.14803,0.751952
TUT,1,binaural,280,3,0,0.06,right,20,108,2,10,right,1,0.985121,1878.24729,1879.232411,0.985308
TUT,1,binaural,281,3,0,0.03,left,20,104,1,10,left,1,0.786657,1880.197677,1880.984334,0.799715
TUT,1,binaural,282,3,0,0.06,left,20,107,1,10,left,1,0.751012,1882.047197,1882.79821,0.751244
TUT,1,binaural,283,3,0,0.25,right,20,127,2,10,right,1,0.617483,1883.930667,1884.548151,0.617677
TUT,1,binaural,284,3,0,0.0,left,20,101,1,10,left,1,1.133188,1885.514909,1886.648097,1.133398
TUT,1,binaural,285,3,0,0.03,right,20,105,1,11,left,0,0.950676,1887.547434,1888.49811,0.950883
TUT,1,binaural,286,3,0,0.03,left,20,104,1,10,left,1,0.900629,1889.36467,1890.2653,0.900811
TUT,1,binaural,287,3,0,0.25,right,20,127,2,10,right,1,0.634426,1891.447858,1892.082284,0.634803
TUT,1,binaural,288,3,0,0.25,right,20,127,2,10,right,1,0.617008,1893.148227,1893.765236,0.617181
TUT,1,binaural,289,3,0,0.03,right,20,105,1,11,left,0,0.983985,1894.831543,1895.815528,0.984285
TUT,1,binaural,290,3,0,0.06,left,20,107,1,10,left,1,0.701197,1896.931281,1897.632478,0.701394
TUT,1,binaural,291,3,0,0.03,left,20,104,1,10,left,1,0.599947,1898.732128,1899.332075,0.600179
TUT,1,binaural,292,3,0,0.25,left,20,126,1,10,left,1,0.867648,1900.514956,1901.382604,0.867851
TUT,1,binaural,293,3,0,0.5,left,20,151,1,10,left,1,0.617456,1902.33161,1902.949067,0.617647
TUT,1,binaural,294,3,0,0.5,left,20,151,1,10,left,1,0.533991,1903.965171,1904.499162,0.534201
TUT,1,binaural,295,3,0,0.03,right,20,105,2,10,right,1,0.700584,1905.681787,1906.382372,0.700776
TUT,1,binaural,296,3,0,0.12,left,20,113,1,10,left,1,0.617313,1907.431972,1908.049285,0.617563
TUT,1,binaural,297,3,0,0.03,left,20,104,1,10,left,1,0.784137,1909.148698,1909.932835,0.784326
TUT,1,binaural,298,3,0,0.0,right,20,102,2,10,right,1,1.051999,1911.115603,1912.167602,1.067308
TUT,1,binaural,299,3,0,0.06,right,20,108,1,11,left,0,0.701034,1913.115196,1913.81623,0.701225
TUT,1,binaural,300,3,0,0.0,right,20,102,2,10,right,1,0.917547,1914.965686,1915.883233,0.917783
TUT,1,binaural,301,3,0,0.0,left,20,101,1,10,left,1,0.751108,1916.782207,1917.533315,0.751335
TUT,1,binaural,302,3,0,0.25,right,20,127,2,10,right,1,0.767479,1918.766095,1919.533574,0.767685
TUT,1,binaural,303,3,0,0.06,left,20,107,1,10,left,1,0.651203,1920.532399,1921.183602,0.651396
TUT,1,binaural,304,3,0,0.06,left,20,107,1,10,left,1,0.651302,1922.416127,1923.067429,0.651491
TUT,1,binaural,305,3,0,0.5,right,20,152,2,10,right,1,0.583851,1924.316309,1924.90016,0.584082
TUT,1,binaural,306,3,0,0.0,right,20,102,1,11,left,0,0.617113,1925.833364,1926.450477,0.617334
TUT,1,binaural,307,3,0,0.0,right,20,102,2,10,right,1,0.767124,1927.283136,1928.050259,0.767308
TUT,1,binaural,308,3,0,0.06,right,20,108,2,10,right,1,1.135404,1929.000143,1930.135546,1.149652
TUT,1,binaural,309,3,0,0.06,right,20,108,2,10,right,1,0.950781,1931.200256,1932.151037,0.950966
TUT,1,binaural,310,3,0,0.5,left,20,151,1,10,left,1,0.584731,1932.999495,1933.584226,0.585026
TUT,1,binaural,311,3,0,0.5,right,20,152,2,10,right,1,0.467482,1934.766833,1935.234315,0.467661
TUT,1,binaural,312,3,0,0.5,left,20,151,1,10,left,1,0.534673,1936.066732,1936.601405,0.534855
TUT,1,binaural,313,3,0,0.03,right,20,105,2,10,right,1,0.733839,1937.55018,1938.284019,0.73403
TUT,1,binaural,314,3,0,0.25,right,20,127,2,10,right,1,0.651068,1939.3337,1939.984768,0.651254
TUT,1,binaural,315,3,0,0.25,right,20,127,2,10,right,1,0.467871,1941.133234,1941.601105,0.468061
TUT,1,binaural,316,3,0,0.25,right,20,127,1,11,left,0,0.817444,1942.783678,1943.601123,0.817638
TUT,1,binaural,317,3,0,0.25,right,20,127,2,10,right,1,0.78407,1944.533558,1945.317628,0.784257
TUT,1,binaural,318,3,0,0.12,left,20,113,1,10,left,1,0.550316,1946.317215,1946.86753,0.550546
TUT,1,binaural,319,3,0,0.0,right,20,102,2,10,right,1,0.667703,1947.934077,1948.60178,0.667908
TUT,1,binaural,320,3,0,0.25,right,20,127,2,10,right,1,0.516854,1949.450761,1949.967615,0.517062
TUT,1,binaural,321,3,0,0.0,left,20,101,1,10,left,1,0.684483,1951.067377,1951.75186,0.684687
TUT,1,binaural,322,3,0,0.25,right,20,127,2,10,right,1,0.468172,1952.834007,1953.302178,0.468369
TUT,1,binaural,323,3,0,0.12,left,20,113,1,10,left,1,0.617369,1954.434419,1955.051788,0.617617
TUT,1,binaural,324,3,0,0.5,left,20,151,1,10,left,1,0.516963,1956.001049,1956.518012,0.517212
TUT,1,binaural,325,3,0,0.12,left,20,113,1,10,left,1,1.383789,1957.334554,1958.718343,1.383983
TUT,1,binaural,326,3,0,0.06,right,20,108,2,10,right,1,1.06656,1959.634777,1960.701337,1.066762
TUT,1,binaural,327,3,0,0.12,right,20,114,1,11,left,0,1.350086,1961.884819,1963.234906,1.350338
TUT,1,binaural,328,3,0,0.0,left,20,101,1,10,left,1,0.617136,1964.234815,1964.851951,0.617392
TUT,1,binaural,329,3,0,0.12,left,20,113,2,11,right,0,1.133562,1966.051644,1967.185205,1.13384
TUT,1,binaural,330,3,0,0.0,left,20,101,1,10,left,1,1.250869,1968.201606,1969.452475,1.25112
TUT,1,binaural,331,3,0,0.25,left,20,126,1,10,left,1,0.850847,1970.318083,1971.16893,0.851121
TUT,1,binaural,332,3,0,0.5,left,20,151,1,10,left,1,0.550447,1972.035034,1972.58548,0.550772
TUT,1,binaural,333,3,0,0.12,left,20,113,1,10,left,1,0.949795,1973.769343,1974.719138,0.949982
TUT,1,binaural,334,3,0,0.03,right,20,105,2,10,right,1,1.150043,1975.868845,1977.018888,1.150338
TUT,1,binaural,335,3,0,0.12,right,20,114,2,10,right,1,1.60003,1978.002383,1979.602413,1.600343
TUT,1,binaural,336,3,0,0.25,left,20,126,1,10,left,1,0.700622,1980.618987,1981.319609,0.700814
TUT,1,binaural,337,3,0,0.25,left,20,126,1,10,left,1,0.967693,1982.185459,1983.153153,0.967883
TUT,1,binaural,338,3,0,0.0,right,20,102,2,10,right,1,0.800817,1984.218784,1985.019601,0.801056
TUT,1,binaural,339,3,0,0.0,left,20,101,1,10,left,1,0.600693,1986.252223,1986.852916,0.60095
TUT,1,binaural,340,3,0,0.03,right,20,105,2,10,right,1,0.800895,1987.835749,1988.636645,0.801122
TUT,1,binaural,341,3,0,0.12,right,20,114,2,10,right,1,0.767143,1989.619236,1990.386378,0.767338
TUT,1,binaural,342,3,0,0.5,left,20,151,1,10,left,1,0.784032,1991.36938,1992.153412,0.784216
TUT,1,binaural,343,3,0,0.25,left,20,126,1,10,left,1,0.651286,1993.269161,1993.920447,0.65154
TUT,1,binaural,344,3,0,0.5,right,20,152,2,10,right,1,0.634562,1994.985941,1995.620503,0.63475
TUT,1,binaural,345,3,0,0.5,right,20,152,2,10,right,1,0.767151,1996.669412,1997.436562,0.76738
TUT,1,binaural,346,3,0,0.03,left,20,104,1,10,left,1,0.93529,1998.536294,1999.471584,0.950169
TUT,1,binaural,347,3,0,0.0,right,20,102,2,10,right,1,0.784368,2000.419477,2001.203845,0.799714
TUT,1,binaural,348,3,0,0.0,right,20,102,2,10,right,1,0.617429,2002.11943,2002.736859,0.61771
TUT,1,binaural,349,3,0,0.03,left,20,104,1,10,left,1,0.501468,2003.75207,2004.253538,0.501693
TUT,1,binaural,350,3,0,0.06,left,20,107,1,10,left,1,0.583951,2005.303187,2005.887138,0.584212
TUT,1,binaural,351,3,0,0.06,right,20,108,2,10,right,1,0.550495,2007.120183,2007.670677,0.550692
TUT,1,binaural,352,3,0,0.0,left,20,101,1,10,left,1,0.533958,2008.803799,2009.337756,0.534203
TUT,1,binaural,353,3,0,0.03,left,20,104,1,10,left,1,0.550788,2010.419832,2010.97062,0.550984
TUT,1,binaural,354,3,0,0.0,right,20,102,2,10,right,1,0.549977,2012.053803,2012.603779,0.550228
TUT,1,binaural,355,3,0,0.5,left,20,151,1,10,left,1,0.867036,2013.554059,2014.421094,0.867366
TUT,1,binaural,356,3,0,0.06,right,20,108,2,10,right,1,0.533629,2015.637103,2016.170732,0.533825
TUT,1,binaural,357,3,0,0.12,right,20,114,2,10,right,1,0.686218,2017.337111,2018.023329,0.700515
TUT,1,binaural,358,3,0,0.25,left,20,126,1,10,left,1,0.633929,2018.920373,2019.554302,0.634128
TUT,1,binaural,359,3,0,0.0,left,20,101,1,10,left,1,0.550012,2020.671078,2021.221089,0.550279
TUT,1,binaural,360,3,0,0.03,left,20,104,1,10,left,1,0.467859,2022.220398,2022.688257,0.468046
TUT,1,binaural,361,4,0,0.12,right,20,114,2,10,right,1,0.90052,2039.121983,2040.022503,0.900802
TUT,1,binaural,362,4,0,0.06,left,20,107,1,10,left,1,0.833929,2041.155055,2041.988984,0.834125
TUT,1,binaural,363,4,0,0.12,left,20,113,1,10,left,1,0.669209,2043.005208,2043.674417,0.684087
TUT,1,binaural,364,4,0,0.06,left,20,107,1,10,left,1,0.601013,2044.671542,2045.272555,0.601236
TUT,1,binaural,365,4,0,0.25,left,20,126,1,10,left,1,0.569413,2046.204678,2046.774091,0.584623
TUT,1,binaural,366,4,0,0.06,left,20,107,1,10,left,1,0.567048,2047.721904,2048.288952,0.567236
TUT,1,binaural,367,4,0,0.25,right,20,127,2,10,right,1,0.468192,2049.205112,2049.673304,0.468424
TUT,1,binaural,368,4,0,0.5,right,20,152,2,10,right,1,0.734016,2050.822219,2051.556235,0.734203
TUT,1,binaural,369,4,0,0.03,right,20,105,2,10,right,1,0.584195,2052.539069,2053.123264,0.584403
TUT,1,binaural,370,4,0,0.25,right,20,127,2,10,right,1,0.517763,2054.10531,2054.623073,0.517959
TUT,1,binaural,371,4,0,0.0,left,20,101,1,10,left,1,0.551297,2055.805061,2056.356357,0.55148
TUT,1,binaural,372,4,0,0.0,right,20,102,2,10,right,1,0.534349,2057.4723,2058.006648,0.534645
TUT,1,binaural,373,4,0,0.25,right,20,127,2,10,right,1,0.600556,2059.055621,2059.656177,0.600907
TUT,1,binaural,374,4,0,0.5,right,20,152,2,10,right,1,0.467456,2060.638916,2061.106372,0.467703
TUT,1,binaural,375,4,0,0.25,left,20,126,1,10,left,1,0.584446,2062.021627,2062.606073,0.584632
TUT,1,binaural,376,4,0,0.12,left,20,113,1,10,left,1,0.616931,2063.755959,2064.37289,0.617191
TUT,1,binaural,377,4,0,0.0,left,20,101,1,10,left,1,0.617188,2065.456177,2066.073364,0.617425
TUT,1,binaural,378,4,0,0.06,right,20,108,2,10,right,1,0.499939,2067.123243,2067.623182,0.50015
TUT,1,binaural,379,4,0,0.12,right,20,114,2,10,right,1,0.533977,2068.756325,2069.290303,0.534175
TUT,1,binaural,380,4,0,0.5,right,20,152,2,10,right,1,0.816639,2070.390002,2071.206641,0.816827
TUT,1,binaural,381,4,0,0.0,right,20,102,2,10,right,1,0.667465,2072.089528,2072.756992,0.667668
TUT,1,binaural,382,4,0,0.06,left,20,107,1,10,left,1,0.56689,2073.606574,2074.173464,0.567174
TUT,1,binaural,383,4,0,0.0,right,20,102,2,10,right,1,0.56693,2075.356674,2075.923604,0.567177
TUT,1,binaural,384,4,0,0.03,left,20,104,1,10,left,1,0.600878,2076.923229,2077.524107,0.601105
TUT,1,binaural,385,4,0,0.03,left,20,104,1,10,left,1,0.683873,2078.623847,2079.307721,0.684068
TUT,1,binaural,386,4,0,0.25,right,20,127,2,10,right,1,0.719739,2080.173528,2080.893267,0.73399
TUT,1,binaural,387,4,0,0.06,right,20,108,2,10,right,1,0.701507,2081.806648,2082.508155,0.701706
TUT,1,binaural,388,4,0,0.06,right,20,108,2,10,right,1,0.800205,2083.540475,2084.34068,0.800481
TUT,1,binaural,389,4,0,0.5,right,20,152,2,10,right,1,0.684361,2085.356898,2086.04126,0.684555
TUT,1,binaural,390,4,0,0.12,right,20,114,2,10,right,1,1.001325,2087.056669,2088.057994,1.001511
TUT,1,binaural,391,4,0,0.12,left,20,113,1,10,left,1,0.466729,2089.124063,2089.590792,0.466923
TUT,1,binaural,392,4,0,0.12,right,20,114,2,10,right,1,0.549835,2090.657598,2091.207432,0.550084
TUT,1,binaural,393,4,0,0.5,left,20,151,1,10,left,1,0.500747,2092.257006,2092.757753,0.50094
TUT,1,binaural,394,4,0,0.03,left,20,104,1,10,left,1,0.668621,2093.57421,2094.242831,0.683136
TUT,1,binaural,395,4,0,0.0,right,20,102,2,10,right,1,0.63409,2095.407853,2096.041943,0.634283
TUT,1,binaural,396,4,0,0.03,right,20,105,2,10,right,1,0.6001,2096.857706,2097.457806,0.600312
TUT,1,binaural,397,4,0,0.12,left,20,113,1,10,left,1,0.667838,2098.290621,2098.958459,0.668069
TUT,1,binaural,398,4,0,0.0,left,20,101,1,10,left,1,0.71701,2100.208051,2100.925061,0.717203
TUT,1,binaural,399,4,0,0.0,left,20,101,1,10,left,1,0.600931,2101.974324,2102.575255,0.601121
TUT,1,binaural,400,4,0,0.06,left,20,107,1,10,left,1,0.967311,2103.45791,2104.425221,0.967531
TUT,1,binaural,401,4,0,0.12,right,20,114,2,10,right,1,0.550744,2105.574644,2106.125388,0.550932
TUT,1,binaural,402,4,0,0.5,left,20,151,1,10,left,1,0.50103,2107.341137,2107.842167,0.501231
TUT,1,binaural,403,4,0,0.0,right,20,102,2,10,right,1,0.516848,2108.974839,2109.491687,0.51706
TUT,1,binaural,404,4,0,0.03,right,20,105,2,10,right,1,0.567593,2110.407778,2110.975371,0.567797
TUT,1,binaural,405,4,0,0.5,right,20,152,2,10,right,1,0.750881,2112.141289,2112.89217,0.751068
TUT,1,binaural,406,4,0,0.5,left,20,151,1,10,left,1,0.484585,2113.974885,2114.459469,0.484798
TUT,1,binaural,407,4,0,0.03,left,20,104,1,10,left,1,0.933183,2115.392263,2116.325445,0.933371
TUT,1,binaural,408,4,0,0.03,right,20,105,2,10,right,1,0.567595,2117.591551,2118.159147,0.56778
TUT,1,binaural,409,4,0,0.06,right,20,108,2,10,right,1,0.61768,2119.425167,2120.042847,0.617946
TUT,1,binaural,410,4,0,0.03,left,20,104,1,10,left,1,0.550876,2121.041389,2121.592265,0.551128
TUT,1,binaural,411,4,0,0.12,right,20,114,2,10,right,1,0.484486,2122.575257,2123.059743,0.484727
TUT,1,binaural,412,4,0,0.0,left,20,101,1,10,left,1,0.550687,2124.158783,2124.70947,0.550888
TUT,1,binaural,413,4,0,0.12,right,20,114,2,10,right,1,0.552451,2125.708798,2126.261249,0.566648
TUT,1,binaural,414,4,0,0.5,left,20,151,1,10,left,1,0.633824,2127.425446,2128.059269,0.63413
TUT,1,binaural,415,4,0,0.5,left,20,151,1,10,left,1,0.617353,2129.008926,2129.626279,0.617543
TUT,1,binaural,416,4,0,0.06,left,20,107,1,10,left,1,0.517897,2130.758935,2131.276832,0.518089
TUT,1,binaural,417,4,0,0.25,right,20,127,2,10,right,1,0.550699,2132.375518,2132.926217,0.550892
TUT,1,binaural,418,4,0,0.25,right,20,127,2,10,right,1,0.752098,2134.126125,2134.878223,0.768067
TUT,1,binaural,419,4,0,0.5,left,20,151,1,10,left,1,0.483915,2135.80946,2136.293376,0.484124
TUT,1,binaural,420,4,0,0.03,left,20,104,1,10,left,1,0.700562,2137.343039,2138.043601,0.7008
TUT,1,binaural,421,4,0,0.12,left,20,113,1,10,left,1,0.568233,2138.925806,2139.49404,0.568437
TUT,1,binaural,422,4,0,0.03,right,20,105,2,10,right,1,0.68471,2140.525626,2141.210336,0.684904
TUT,1,binaural,423,4,0,0.5,left,20,151,1,10,left,1,0.4171,2142.359713,2142.776813,0.417295
TUT,1,binaural,424,4,0,0.0,right,20,102,2,10,right,1,0.434507,2143.876058,2144.310566,0.434694
TUT,1,binaural,425,4,0,0.25,left,20,126,1,10,left,1,0.533923,2145.143365,2145.677288,0.534207
TUT,1,binaural,426,4,0,0.5,right,20,152,2,10,right,1,0.500905,2146.709866,2147.210771,0.501094
TUT,1,binaural,427,4,0,0.25,right,20,127,2,10,right,1,0.552412,2148.076583,2148.628995,0.56756
TUT,1,binaural,428,4,0,0.0,right,20,102,1,11,left,0,0.767222,2149.509848,2150.277069,0.767497
TUT,1,binaural,429,4,0,0.06,right,20,108,2,10,right,1,0.61768,2151.376509,2151.99419,0.617877
TUT,1,binaural,430,4,0,0.06,left,20,107,1,10,left,1,0.650218,2153.126942,2153.77716,0.650411
TUT,1,binaural,431,4,0,0.25,right,20,127,2,10,right,1,0.583777,2154.876849,2155.460625,0.584016
TUT,1,binaural,432,4,0,0.0,left,20,101,1,10,left,1,0.684078,2156.659893,2157.343972,0.684419
TUT,1,binaural,433,4,0,0.0,right,20,102,2,10,right,1,0.550268,2158.460317,2159.010586,0.550501
TUT,1,binaural,434,4,0,0.03,right,20,105,2,10,right,1,0.616849,2160.177388,2160.794237,0.617055
TUT,1,binaural,435,4,0,0.25,right,20,127,2,10,right,1,0.51728,2161.843691,2162.360971,0.517477
TUT,1,binaural,436,4,0,0.03,left,20,104,1,10,left,1,0.517249,2163.444058,2163.961308,0.51744
TUT,1,binaural,437,4,0,0.06,left,20,107,1,10,left,1,0.551022,2164.94377,2165.494792,0.551254
TUT,1,binaural,438,4,0,0.06,left,20,107,1,10,left,1,0.650043,2166.644483,2167.294525,0.650252
TUT,1,binaural,439,4,0,0.5,left,20,151,1,10,left,1,0.51793,2168.294575,2168.812505,0.533044
TUT,1,binaural,440,4,0,0.0,left,20,101,1,10,left,1,0.584477,2169.727308,2170.311785,0.584715
TUT,1,binaural,441,4,0,0.5,right,20,152,2,10,right,1,0.683361,2171.32784,2172.011202,0.683552
TUT,1,binaural,442,4,0,0.5,left,20,151,1,10,left,1,0.533363,2173.178008,2173.711372,0.533591
TUT,1,binaural,443,4,0,0.0,right,20,102,2,10,right,1,0.633163,2174.677453,2175.310616,0.63329
TUT,1,binaural,444,4,0,0.5,left,20,151,1,10,left,1,0.417156,2176.294371,2176.711527,0.417359
TUT,1,binaural,445,4,0,0.0,left,20,101,1,10,left,1,0.718179,2177.777208,2178.495387,0.718372
TUT,1,binaural,446,4,0,0.25,left,20,126,1,10,left,1,0.500288,2179.661846,2180.162134,0.500516
TUT,1,binaural,447,4,0,0.06,right,20,108,2,10,right,1,0.600351,2181.077404,2181.677755,0.600539
TUT,1,binaural,448,4,0,0.12,right,20,114,2,10,right,1,0.667329,2182.695036,2183.362366,0.66752
TUT,1,binaural,449,4,0,0.03,left,20,104,1,10,left,1,0.500928,2184.144578,2184.645507,0.501119
TUT,1,binaural,450,4,0,0.5,right,20,152,2,10,right,1,0.467101,2185.71179,2186.17889,0.467312
TUT,1,binaural,451,4,0,0.06,left,20,107,1,10,left,1,0.417166,2187.194814,2187.61198,0.417436
TUT,1,binaural,452,4,0,0.12,left,20,113,1,10,left,1,0.517259,2188.428667,2188.945926,0.517557
TUT,1,binaural,453,4,0,0.12,right,20,114,2,10,right,1,0.567187,2189.911789,2190.478976,0.567397
TUT,1,binaural,454,4,0,0.06,left,20,107,1,10,left,1,0.417454,2191.545278,2191.962732,0.41766
TUT,1,binaural,455,4,0,0.0,right,20,102,2,10,right,1,0.550583,2193.112193,2193.662776,0.550773
TUT,1,binaural,456,4,0,0.12,left,20,113,1,10,left,1,0.600484,2194.678953,2195.279436,0.600719
TUT,1,binaural,457,4,0,0.5,right,20,152,2,10,right,1,0.517581,2196.345569,2196.86315,0.517768
TUT,1,binaural,458,4,0,0.0,left,20,101,1,10,left,1,0.63591,2197.695475,2198.331384,0.649996
TUT,1,binaural,459,4,0,0.0,right,20,102,2,10,right,1,0.484314,2199.378376,2199.862689,0.484498
TUT,1,binaural,460,4,0,0.0,right,20,102,2,10,right,1,0.550367,2200.929327,2201.479694,0.550563
TUT,1,binaural,461,4,0,0.0,left,20,101,1,10,left,1,0.466992,2202.379039,2202.846031,0.467184
TUT,1,binaural,462,4,0,0.0,right,20,102,2,10,right,1,0.535863,2203.879199,2204.415061,0.550181
TUT,1,binaural,463,4,0,0.5,right,20,152,2,10,right,1,0.484246,2205.52897,2206.013215,0.484438
TUT,1,binaural,464,4,0,0.5,right,20,152,2,10,right,1,0.517808,2207.212453,2207.730261,0.518053
TUT,1,binaural,465,4,0,0.03,left,20,104,1,10,left,1,0.56764,2208.845909,2209.413548,0.567928
TUT,1,binaural,466,4,0,0.06,right,20,108,2,10,right,1,0.450668,2210.562627,2211.013295,0.450983
TUT,1,binaural,467,4,0,0.0,left,20,101,1,10,left,1,0.518155,2212.062371,2212.580527,0.518351
TUT,1,binaural,468,4,0,0.06,left,20,107,1,10,left,1,0.533877,2213.61321,2214.147087,0.534055
TUT,1,binaural,469,4,0,0.03,right,20,105,2,10,right,1,0.534221,2215.246208,2215.780429,0.534414
TUT,1,binaural,470,4,0,0.03,left,20,104,1,10,left,1,0.651462,2217.02976,2217.681222,0.651656
TUT,1,binaural,471,4,0,0.0,left,20,101,1,10,left,1,0.700908,2218.696825,2219.397734,0.701095
TUT,1,binaural,472,4,0,0.5,right,20,152,2,10,right,1,0.56775,2220.346273,2220.914023,0.567942
TUT,1,binaural,473,4,0,0.0,left,20,101,1,10,left,1,0.518308,2221.896163,2222.414471,0.518534
TUT,1,binaural,474,4,0,0.03,left,20,104,1,10,left,1,0.667319,2223.313506,2223.980825,0.667515
TUT,1,binaural,475,4,0,0.5,right,20,152,2,10,right,1,0.616792,2225.263739,2225.880531,0.617032
TUT,1,binaural,476,4,0,0.25,right,20,127,2,10,right,1,0.58633,2226.913186,2227.499516,0.601197
TUT,1,binaural,477,4,0,0.25,left,20,126,1,10,left,1,0.50097,2228.546784,2229.047754,0.501167
TUT,1,binaural,478,4,0,0.12,left,20,113,1,10,left,1,0.567342,2230.247009,2230.814351,0.567566
TUT,1,binaural,479,4,0,0.25,left,20,126,1,10,left,1,0.667234,2231.913421,2232.580655,0.667449
TUT,1,binaural,480,4,0,0.06,right,20,108,2,10,right,1,0.616827,2233.58083,2234.197657,0.61702
